category,delta_q_early_clip,delta_q_final_clip,pair_id,sample_id,sign_agree_clip,subgroup,timestep_mode,valid_clip
1_change_object_80,0.0034614205360412598,0.07686543464660645,0,piebench_1_change_object_80_111000000001,1,structural_discrete,first_only,1
1_change_object_80,0.04431241750717163,0.04894357919692993,1,piebench_1_change_object_80_111000000001,1,structural_discrete,first_only,1
1_change_object_80,-0.1283879280090332,0.032316744327545166,2,piebench_1_change_object_80_111000000001,0,structural_discrete,first_only,1
1_change_object_80,0.12560439109802246,-0.002449631690979004,3,piebench_1_change_object_80_111000000001,0,structural_discrete,first_only,1
1_change_object_80,-0.03348994255065918,0.0478745698928833,4,piebench_1_change_object_80_111000000001,0,structural_discrete,first_only,1
1_change_object_80,-0.06210547685623169,0.09566682577133179,5,piebench_1_change_object_80_111000000001,0,structural_discrete,first_only,1
1_change_object_80,-0.022069096565246582,-0.011766135692596436,6,piebench_1_change_object_80_111000000001,1,structural_discrete,first_only,1
1_change_object_80,-0.05851024389266968,-0.10973191261291504,7,piebench_1_change_object_80_111000000001,1,structural_discrete,first_only,1
1_change_object_80,-0.060182929039001465,-0.013650953769683838,8,piebench_1_change_object_80_111000000001,1,structural_discrete,first_only,1
1_change_object_80,-0.11738944053649902,-0.08458352088928223,9,piebench_1_change_object_80_111000000001,1,structural_discrete,first_only,1
1_change_object_80,-0.08073931932449341,-0.047019898891448975,10,piebench_1_change_object_80_111000000001,1,structural_discrete,first_only,1
1_change_object_80,-0.14930671453475952,-0.02791011333465576,11,piebench_1_change_object_80_111000000001,1,structural_discrete,first_only,1
1_change_object_80,0.0030525922775268555,-0.021668076515197754,12,piebench_1_change_object_80_111000000001,0,structural_discrete,first_only,1
1_change_object_80,-0.17068135738372803,-0.01933532953262329,13,piebench_1_change_object_80_111000000001,1,structural_discrete,first_only,1
1_change_object_80,-0.032078325748443604,-0.02554166316986084,14,piebench_1_change_object_80_111000000001,1,structural_discrete,first_only,1
1_change_object_80,0.01251453161239624,0.05137312412261963,15,piebench_1_change_object_80_111000000001,1,structural_discrete,first_only,1
1_change_object_80,0.03849095106124878,0.08137655258178711,0,piebench_1_change_object_80_111000000001,1,structural_discrete,first_two,1
1_change_object_80,0.012554585933685303,0.009846806526184082,1,piebench_1_change_object_80_111000000001,1,structural_discrete,first_two,1
1_change_object_80,-0.01987278461456299,0.08426076173782349,2,piebench_1_change_object_80_111000000001,0,structural_discrete,first_two,1
1_change_object_80,0.07559412717819214,-0.06898409128189087,3,piebench_1_change_object_80_111000000001,0,structural_discrete,first_two,1
1_change_object_80,0.01103663444519043,0.041374921798706055,4,piebench_1_change_object_80_111000000001,1,structural_discrete,first_two,1
1_change_object_80,0.006576061248779297,0.0431821346282959,5,piebench_1_change_object_80_111000000001,1,structural_discrete,first_two,1
1_change_object_80,0.03948622941970825,-0.0192146897315979,6,piebench_1_change_object_80_111000000001,0,structural_discrete,first_two,1
1_change_object_80,0.01976114511489868,-0.09146380424499512,7,piebench_1_change_object_80_111000000001,0,structural_discrete,first_two,1
1_change_object_80,-0.11034566164016724,0.003721475601196289,8,piebench_1_change_object_80_111000000001,0,structural_discrete,first_two,1
1_change_object_80,-0.08223468065261841,-0.07794088125228882,9,piebench_1_change_object_80_111000000001,1,structural_discrete,first_two,1
1_change_object_80,-0.08563852310180664,-0.03742575645446777,10,piebench_1_change_object_80_111000000001,1,structural_discrete,first_two,1
1_change_object_80,-0.004114091396331787,-0.009602665901184082,11,piebench_1_change_object_80_111000000001,1,structural_discrete,first_two,1
1_change_object_80,-0.06285101175308228,-0.03809112310409546,12,piebench_1_change_object_80_111000000001,1,structural_discrete,first_two,1
1_change_object_80,-0.018834173679351807,-0.035159170627593994,13,piebench_1_change_object_80_111000000001,1,structural_discrete,first_two,1
1_change_object_80,-0.03341257572174072,0.05399113893508911,14,piebench_1_change_object_80_111000000001,0,structural_discrete,first_two,1
1_change_object_80,0.03906291723251343,0.03368055820465088,15,piebench_1_change_object_80_111000000001,1,structural_discrete,first_two,1
1_change_object_80,0.05640089511871338,0.05001896619796753,0,piebench_1_change_object_80_112000000002,1,structural_discrete,first_only,1
1_change_object_80,0.038154542446136475,-0.12361431121826172,1,piebench_1_change_object_80_112000000002,0,structural_discrete,first_only,1
1_change_object_80,-0.0054021477699279785,0.13883256912231445,2,piebench_1_change_object_80_112000000002,0,structural_discrete,first_only,1
1_change_object_80,0.08245611190795898,-0.3723156452178955,3,piebench_1_change_object_80_112000000002,0,structural_discrete,first_only,1
1_change_object_80,-0.06883418560028076,0.2094908356666565,4,piebench_1_change_object_80_112000000002,0,structural_discrete,first_only,1
1_change_object_80,0.06078505516052246,0.009147822856903076,5,piebench_1_change_object_80_112000000002,1,structural_discrete,first_only,1
1_change_object_80,-0.08415055274963379,0.12923425436019897,6,piebench_1_change_object_80_112000000002,0,structural_discrete,first_only,1
1_change_object_80,-0.0034195780754089355,0.1539192795753479,7,piebench_1_change_object_80_112000000002,0,structural_discrete,first_only,1
1_change_object_80,-0.07228004932403564,-0.25861656665802,8,piebench_1_change_object_80_112000000002,1,structural_discrete,first_only,1
1_change_object_80,-0.014092206954956055,0.33599990606307983,9,piebench_1_change_object_80_112000000002,0,structural_discrete,first_only,1
1_change_object_80,0.10583150386810303,0.1418861746788025,10,piebench_1_change_object_80_112000000002,1,structural_discrete,first_only,1
1_change_object_80,0.14912468194961548,0.5303142070770264,11,piebench_1_change_object_80_112000000002,1,structural_discrete,first_only,1
1_change_object_80,0.07284712791442871,0.2972337007522583,12,piebench_1_change_object_80_112000000002,1,structural_discrete,first_only,1
1_change_object_80,0.029140353202819824,0.3007279634475708,13,piebench_1_change_object_80_112000000002,1,structural_discrete,first_only,1
1_change_object_80,-0.08045613765716553,-0.3892176151275635,14,piebench_1_change_object_80_112000000002,1,structural_discrete,first_only,1
1_change_object_80,-0.02774137258529663,0.24585801362991333,15,piebench_1_change_object_80_112000000002,0,structural_discrete,first_only,1
1_change_object_80,0.06733530759811401,0.26760339736938477,0,piebench_1_change_object_80_112000000002,1,structural_discrete,first_two,1
1_change_object_80,-0.29473239183425903,-0.46911758184432983,1,piebench_1_change_object_80_112000000002,1,structural_discrete,first_two,1
1_change_object_80,0.09191620349884033,-0.09008777141571045,2,piebench_1_change_object_80_112000000002,0,structural_discrete,first_two,1
1_change_object_80,-0.12181210517883301,-0.18965613842010498,3,piebench_1_change_object_80_112000000002,1,structural_discrete,first_two,1
1_change_object_80,-0.093447744846344,-0.07533144950866699,4,piebench_1_change_object_80_112000000002,1,structural_discrete,first_two,1
1_change_object_80,0.03124135732650757,0.10017776489257812,5,piebench_1_change_object_80_112000000002,1,structural_discrete,first_two,1
1_change_object_80,0.004649519920349121,0.16198235750198364,6,piebench_1_change_object_80_112000000002,1,structural_discrete,first_two,1
1_change_object_80,0.0843648910522461,0.18890434503555298,7,piebench_1_change_object_80_112000000002,1,structural_discrete,first_two,1
1_change_object_80,-0.06321471929550171,-0.2724429965019226,8,piebench_1_change_object_80_112000000002,1,structural_discrete,first_two,1
1_change_object_80,-0.03585332632064819,0.23507028818130493,9,piebench_1_change_object_80_112000000002,0,structural_discrete,first_two,1
1_change_object_80,0.03949862718582153,0.11412948369979858,10,piebench_1_change_object_80_112000000002,1,structural_discrete,first_two,1
1_change_object_80,0.08212405443191528,0.5187653303146362,11,piebench_1_change_object_80_112000000002,1,structural_discrete,first_two,1
1_change_object_80,0.178544282913208,0.2885160446166992,12,piebench_1_change_object_80_112000000002,1,structural_discrete,first_two,1
1_change_object_80,0.01709139347076416,0.2693464756011963,13,piebench_1_change_object_80_112000000002,1,structural_discrete,first_two,1
1_change_object_80,-0.13633161783218384,-0.271542489528656,14,piebench_1_change_object_80_112000000002,1,structural_discrete,first_two,1
1_change_object_80,0.03414452075958252,0.16461414098739624,15,piebench_1_change_object_80_112000000002,1,structural_discrete,first_two,1
2_add_object_80,0.09642255306243896,0.09040117263793945,0,piebench_2_add_object_80_211000000001,1,structural_discrete,first_only,1
2_add_object_80,-9.319186210632324e-05,0.06979042291641235,1,piebench_2_add_object_80_211000000001,0,structural_discrete,first_only,1
2_add_object_80,0.012128680944442749,0.03817391395568848,2,piebench_2_add_object_80_211000000001,1,structural_discrete,first_only,1
2_add_object_80,0.011300265789031982,-0.0684061050415039,3,piebench_2_add_object_80_211000000001,0,structural_discrete,first_only,1
2_add_object_80,0.10256001353263855,0.022602200508117676,4,piebench_2_add_object_80_211000000001,1,structural_discrete,first_only,1
2_add_object_80,0.07285422086715698,0.02307218313217163,5,piebench_2_add_object_80_211000000001,1,structural_discrete,first_only,1
2_add_object_80,0.06768041849136353,-0.06147205829620361,6,piebench_2_add_object_80_211000000001,0,structural_discrete,first_only,1
2_add_object_80,0.030835971236228943,0.017961084842681885,7,piebench_2_add_object_80_211000000001,1,structural_discrete,first_only,1
2_add_object_80,-0.13895896077156067,0.047210633754730225,8,piebench_2_add_object_80_211000000001,0,structural_discrete,first_only,1
2_add_object_80,-0.02914157509803772,-0.63975390791893,9,piebench_2_add_object_80_211000000001,1,structural_discrete,first_only,1
2_add_object_80,0.010833323001861572,0.38459593057632446,10,piebench_2_add_object_80_211000000001,1,structural_discrete,first_only,1
2_add_object_80,0.1268581748008728,0.15435892343521118,11,piebench_2_add_object_80_211000000001,1,structural_discrete,first_only,1
2_add_object_80,0.04626283049583435,-0.08669191598892212,12,piebench_2_add_object_80_211000000001,0,structural_discrete,first_only,1
2_add_object_80,0.1691042184829712,0.018694281578063965,13,piebench_2_add_object_80_211000000001,1,structural_discrete,first_only,1
2_add_object_80,0.1886214017868042,0.03589332103729248,14,piebench_2_add_object_80_211000000001,1,structural_discrete,first_only,1
2_add_object_80,-0.06861564517021179,-0.4265470504760742,15,piebench_2_add_object_80_211000000001,1,structural_discrete,first_only,1
2_add_object_80,0.3713683485984802,0.14589029550552368,0,piebench_2_add_object_80_211000000001,1,structural_discrete,first_two,1
2_add_object_80,0.2831137180328369,0.08588182926177979,1,piebench_2_add_object_80_211000000001,1,structural_discrete,first_two,1
2_add_object_80,-0.041781067848205566,0.598589688539505,2,piebench_2_add_object_80_211000000001,0,structural_discrete,first_two,1
2_add_object_80,0.09906646609306335,-0.05873537063598633,3,piebench_2_add_object_80_211000000001,0,structural_discrete,first_two,1
2_add_object_80,0.010754257440567017,0.07929301261901855,4,piebench_2_add_object_80_211000000001,1,structural_discrete,first_two,1
2_add_object_80,0.28054696321487427,0.08973002433776855,5,piebench_2_add_object_80_211000000001,1,structural_discrete,first_two,1
2_add_object_80,0.23673942685127258,0.4158315062522888,6,piebench_2_add_object_80_211000000001,1,structural_discrete,first_two,1
2_add_object_80,-0.2656334936618805,-0.03863370418548584,7,piebench_2_add_object_80_211000000001,1,structural_discrete,first_two,1
2_add_object_80,0.22608625888824463,0.06511193513870239,8,piebench_2_add_object_80_211000000001,1,structural_discrete,first_two,1
2_add_object_80,0.22411218285560608,0.6642283499240875,9,piebench_2_add_object_80_211000000001,1,structural_discrete,first_two,1
2_add_object_80,0.08857595920562744,0.04065287113189697,10,piebench_2_add_object_80_211000000001,1,structural_discrete,first_two,1
2_add_object_80,-0.28565818071365356,-0.3322187066078186,11,piebench_2_add_object_80_211000000001,1,structural_discrete,first_two,1
2_add_object_80,-0.15249043703079224,-0.25382137298583984,12,piebench_2_add_object_80_211000000001,1,structural_discrete,first_two,1
2_add_object_80,-0.14522165060043335,0.005529463291168213,13,piebench_2_add_object_80_211000000001,0,structural_discrete,first_two,1
2_add_object_80,0.3146953880786896,0.09060019254684448,14,piebench_2_add_object_80_211000000001,1,structural_discrete,first_two,1
2_add_object_80,-0.3678938150405884,-0.6474455893039703,15,piebench_2_add_object_80_211000000001,1,structural_discrete,first_two,1
2_add_object_80,0.014492273330688477,-0.18588882684707642,0,piebench_2_add_object_80_212000000009,0,structural_discrete,first_only,1
2_add_object_80,0.1347612738609314,0.09033572673797607,1,piebench_2_add_object_80_212000000009,1,structural_discrete,first_only,1
2_add_object_80,-0.06661465764045715,-0.0574185848236084,2,piebench_2_add_object_80_212000000009,1,structural_discrete,first_only,1
2_add_object_80,0.03163471817970276,-0.03760206699371338,3,piebench_2_add_object_80_212000000009,0,structural_discrete,first_only,1
2_add_object_80,-0.17331841588020325,0.14622241258621216,4,piebench_2_add_object_80_212000000009,0,structural_discrete,first_only,1
2_add_object_80,0.06331777572631836,0.034049928188323975,5,piebench_2_add_object_80_212000000009,1,structural_discrete,first_only,1
2_add_object_80,-0.12160664796829224,0.15351760387420654,6,piebench_2_add_object_80_212000000009,0,structural_discrete,first_only,1
2_add_object_80,-0.16915607452392578,0.05495387315750122,7,piebench_2_add_object_80_212000000009,0,structural_discrete,first_only,1
2_add_object_80,0.07438105344772339,-0.2010585069656372,8,piebench_2_add_object_80_212000000009,0,structural_discrete,first_only,1
2_add_object_80,-0.22980892658233643,0.003734290599822998,9,piebench_2_add_object_80_212000000009,0,structural_discrete,first_only,1
2_add_object_80,-0.047341346740722656,0.2626582980155945,10,piebench_2_add_object_80_212000000009,0,structural_discrete,first_only,1
2_add_object_80,-0.14004117250442505,0.18140310049057007,11,piebench_2_add_object_80_212000000009,0,structural_discrete,first_only,1
2_add_object_80,0.07118207216262817,0.1044355034828186,12,piebench_2_add_object_80_212000000009,1,structural_discrete,first_only,1
2_add_object_80,-0.04042232036590576,0.1277080774307251,13,piebench_2_add_object_80_212000000009,0,structural_discrete,first_only,1
2_add_object_80,0.13677358627319336,-0.221568763256073,14,piebench_2_add_object_80_212000000009,0,structural_discrete,first_only,1
2_add_object_80,0.06917375326156616,-0.24160975217819214,15,piebench_2_add_object_80_212000000009,0,structural_discrete,first_only,1
2_add_object_80,0.08241841197013855,-0.15194517374038696,0,piebench_2_add_object_80_212000000009,0,structural_discrete,first_two,1
2_add_object_80,0.0007456541061401367,-0.1411462426185608,1,piebench_2_add_object_80_212000000009,0,structural_discrete,first_two,1
2_add_object_80,-0.2372419834136963,-0.17791026830673218,2,piebench_2_add_object_80_212000000009,1,structural_discrete,first_two,1
2_add_object_80,-0.26021674275398254,-0.19651150703430176,3,piebench_2_add_object_80_212000000009,1,structural_discrete,first_two,1
2_add_object_80,-0.1102554202079773,0.06238126754760742,4,piebench_2_add_object_80_212000000009,0,structural_discrete,first_two,1
2_add_object_80,0.07270491123199463,-0.0562436580657959,5,piebench_2_add_object_80_212000000009,0,structural_discrete,first_two,1
2_add_object_80,0.14919722080230713,0.22077417373657227,6,piebench_2_add_object_80_212000000009,1,structural_discrete,first_two,1
2_add_object_80,0.21613943576812744,0.26484328508377075,7,piebench_2_add_object_80_212000000009,1,structural_discrete,first_two,1
2_add_object_80,-0.22140365839004517,-0.2777383327484131,8,piebench_2_add_object_80_212000000009,1,structural_discrete,first_two,1
2_add_object_80,-0.1435549557209015,-0.06937825679779053,9,piebench_2_add_object_80_212000000009,1,structural_discrete,first_two,1
2_add_object_80,-0.22162958979606628,-0.35733067989349365,10,piebench_2_add_object_80_212000000009,1,structural_discrete,first_two,1
2_add_object_80,0.11062192916870117,0.24125945568084717,11,piebench_2_add_object_80_212000000009,1,structural_discrete,first_two,1
2_add_object_80,0.06496524810791016,-0.06831902265548706,12,piebench_2_add_object_80_212000000009,0,structural_discrete,first_two,1
2_add_object_80,0.2625972330570221,0.19902223348617554,13,piebench_2_add_object_80_212000000009,1,structural_discrete,first_two,1
2_add_object_80,0.16769951581954956,0.043059468269348145,14,piebench_2_add_object_80_212000000009,1,structural_discrete,first_two,1
2_add_object_80,-0.0849059522151947,-0.383816659450531,15,piebench_2_add_object_80_212000000009,1,structural_discrete,first_two,1
3_delete_object_80,0.30645644664764404,0.378534197807312,0,piebench_3_delete_object_80_311000000001,1,structural_discrete,first_only,1
3_delete_object_80,0.056127309799194336,0.033371686935424805,1,piebench_3_delete_object_80_311000000001,1,structural_discrete,first_only,1
3_delete_object_80,-0.1363885998725891,-0.37601637840270996,2,piebench_3_delete_object_80_311000000001,1,structural_discrete,first_only,1
3_delete_object_80,0.04938089847564697,0.3134744167327881,3,piebench_3_delete_object_80_311000000001,1,structural_discrete,first_only,1
3_delete_object_80,0.082222580909729,0.04725635051727295,4,piebench_3_delete_object_80_311000000001,1,structural_discrete,first_only,1
3_delete_object_80,-0.03424447774887085,-0.2067909836769104,5,piebench_3_delete_object_80_311000000001,1,structural_discrete,first_only,1
3_delete_object_80,0.03727924823760986,0.11307680606842041,6,piebench_3_delete_object_80_311000000001,1,structural_discrete,first_only,1
3_delete_object_80,-0.045339226722717285,-0.2582250237464905,7,piebench_3_delete_object_80_311000000001,1,structural_discrete,first_only,1
3_delete_object_80,-0.02766287326812744,-0.06283378601074219,8,piebench_3_delete_object_80_311000000001,1,structural_discrete,first_only,1
3_delete_object_80,0.05526822805404663,0.12940055131912231,9,piebench_3_delete_object_80_311000000001,1,structural_discrete,first_only,1
3_delete_object_80,-0.017737627029418945,0.23890471458435059,10,piebench_3_delete_object_80_311000000001,0,structural_discrete,first_only,1
3_delete_object_80,-0.15133023262023926,-0.30425843596458435,11,piebench_3_delete_object_80_311000000001,1,structural_discrete,first_only,1
3_delete_object_80,-0.0023322105407714844,-0.2624468207359314,12,piebench_3_delete_object_80_311000000001,1,structural_discrete,first_only,1
3_delete_object_80,0.06370681524276733,-0.08589404821395874,13,piebench_3_delete_object_80_311000000001,0,structural_discrete,first_only,1
3_delete_object_80,-0.03928780555725098,-0.14981704950332642,14,piebench_3_delete_object_80_311000000001,1,structural_discrete,first_only,1
3_delete_object_80,-0.1342695951461792,-0.3041035532951355,15,piebench_3_delete_object_80_311000000001,1,structural_discrete,first_only,1
3_delete_object_80,0.373563289642334,0.6135013103485107,0,piebench_3_delete_object_80_311000000001,1,structural_discrete,first_two,1
3_delete_object_80,0.194374680519104,0.166105717420578,1,piebench_3_delete_object_80_311000000001,1,structural_discrete,first_two,1
3_delete_object_80,-0.15797674655914307,-0.10421061515808105,2,piebench_3_delete_object_80_311000000001,1,structural_discrete,first_two,1
3_delete_object_80,0.06561464071273804,0.34573471546173096,3,piebench_3_delete_object_80_311000000001,1,structural_discrete,first_two,1
3_delete_object_80,0.08369189500808716,0.030894994735717773,4,piebench_3_delete_object_80_311000000001,1,structural_discrete,first_two,1
3_delete_object_80,-0.11743009090423584,-0.2327219545841217,5,piebench_3_delete_object_80_311000000001,1,structural_discrete,first_two,1
3_delete_object_80,0.21434086561203003,0.21181520819664001,6,piebench_3_delete_object_80_311000000001,1,structural_discrete,first_two,1
3_delete_object_80,-0.11123192310333252,-0.3806018829345703,7,piebench_3_delete_object_80_311000000001,1,structural_discrete,first_two,1
3_delete_object_80,0.06434476375579834,-0.03865647315979004,8,piebench_3_delete_object_80_311000000001,0,structural_discrete,first_two,1
3_delete_object_80,0.1463242769241333,0.03592836856842041,9,piebench_3_delete_object_80_311000000001,1,structural_discrete,first_two,1
3_delete_object_80,-0.021612048149108887,0.361624538898468,10,piebench_3_delete_object_80_311000000001,0,structural_discrete,first_two,1
3_delete_object_80,-0.156280517578125,-0.5118082761764526,11,piebench_3_delete_object_80_311000000001,1,structural_discrete,first_two,1
3_delete_object_80,-0.0291903018951416,-0.04862499237060547,12,piebench_3_delete_object_80_311000000001,1,structural_discrete,first_two,1
3_delete_object_80,0.14692485332489014,0.01299828290939331,13,piebench_3_delete_object_80_311000000001,1,structural_discrete,first_two,1
3_delete_object_80,-0.08004188537597656,-0.18514829874038696,14,piebench_3_delete_object_80_311000000001,1,structural_discrete,first_two,1
3_delete_object_80,-0.24822545051574707,-0.45174357295036316,15,piebench_3_delete_object_80_311000000001,1,structural_discrete,first_two,1
3_delete_object_80,-0.09163463115692139,-0.2807425260543823,0,piebench_3_delete_object_80_311000000007,1,structural_discrete,first_only,1
3_delete_object_80,-0.006603538990020752,-0.10482114553451538,1,piebench_3_delete_object_80_311000000007,1,structural_discrete,first_only,1
3_delete_object_80,-0.028563976287841797,0.05738413333892822,2,piebench_3_delete_object_80_311000000007,0,structural_discrete,first_only,1
3_delete_object_80,-0.0284612774848938,-0.15062105655670166,3,piebench_3_delete_object_80_311000000007,1,structural_discrete,first_only,1
3_delete_object_80,-0.10857242345809937,0.15946853160858154,4,piebench_3_delete_object_80_311000000007,0,structural_discrete,first_only,1
3_delete_object_80,-0.007267296314239502,0.15821099281311035,5,piebench_3_delete_object_80_311000000007,0,structural_discrete,first_only,1
3_delete_object_80,-0.026365220546722412,0.006009221076965332,6,piebench_3_delete_object_80_311000000007,0,structural_discrete,first_only,1
3_delete_object_80,-0.01585298776626587,-0.05637919902801514,7,piebench_3_delete_object_80_311000000007,1,structural_discrete,first_only,1
3_delete_object_80,-0.008067190647125244,-0.04941356182098389,8,piebench_3_delete_object_80_311000000007,1,structural_discrete,first_only,1
3_delete_object_80,-0.032329261302948,0.106478750705719,9,piebench_3_delete_object_80_311000000007,0,structural_discrete,first_only,1
3_delete_object_80,-0.025945186614990234,-0.04710245132446289,10,piebench_3_delete_object_80_311000000007,1,structural_discrete,first_only,1
3_delete_object_80,-0.019834935665130615,0.01387643814086914,11,piebench_3_delete_object_80_311000000007,0,structural_discrete,first_only,1
3_delete_object_80,-0.0088462233543396,0.05987906455993652,12,piebench_3_delete_object_80_311000000007,0,structural_discrete,first_only,1
3_delete_object_80,0.12081050872802734,-0.05358701944351196,13,piebench_3_delete_object_80_311000000007,0,structural_discrete,first_only,1
3_delete_object_80,0.014613211154937744,0.19991403818130493,14,piebench_3_delete_object_80_311000000007,1,structural_discrete,first_only,1
3_delete_object_80,-0.040350139141082764,0.024774551391601562,15,piebench_3_delete_object_80_311000000007,0,structural_discrete,first_only,1
3_delete_object_80,-0.028819382190704346,-0.151106059551239,0,piebench_3_delete_object_80_311000000007,1,structural_discrete,first_two,1
3_delete_object_80,0.024038374423980713,-0.0021338462829589844,1,piebench_3_delete_object_80_311000000007,0,structural_discrete,first_two,1
3_delete_object_80,-0.021466851234436035,0.09063142538070679,2,piebench_3_delete_object_80_311000000007,0,structural_discrete,first_two,1
3_delete_object_80,-0.04807901382446289,-0.2092929482460022,3,piebench_3_delete_object_80_311000000007,1,structural_discrete,first_two,1
3_delete_object_80,-0.08618992567062378,0.22197920083999634,4,piebench_3_delete_object_80_311000000007,0,structural_discrete,first_two,1
3_delete_object_80,0.02360934019088745,0.24703305959701538,5,piebench_3_delete_object_80_311000000007,1,structural_discrete,first_two,1
3_delete_object_80,0.027177274227142334,0.028396308422088623,6,piebench_3_delete_object_80_311000000007,1,structural_discrete,first_two,1
3_delete_object_80,-0.004702746868133545,-0.10070699453353882,7,piebench_3_delete_object_80_311000000007,1,structural_discrete,first_two,1
3_delete_object_80,-0.0031342506408691406,-0.05277848243713379,8,piebench_3_delete_object_80_311000000007,1,structural_discrete,first_two,1
3_delete_object_80,0.0044820308685302734,0.09846299886703491,9,piebench_3_delete_object_80_311000000007,1,structural_discrete,first_two,1
3_delete_object_80,0.03914123773574829,0.08550643920898438,10,piebench_3_delete_object_80_311000000007,1,structural_discrete,first_two,1
3_delete_object_80,-0.02333158254623413,0.14672893285751343,11,piebench_3_delete_object_80_311000000007,0,structural_discrete,first_two,1
3_delete_object_80,-0.014818131923675537,0.15160876512527466,12,piebench_3_delete_object_80_311000000007,0,structural_discrete,first_two,1
3_delete_object_80,0.03284984827041626,-0.07472014427185059,13,piebench_3_delete_object_80_311000000007,0,structural_discrete,first_two,1
3_delete_object_80,0.027599632740020752,0.28023409843444824,14,piebench_3_delete_object_80_311000000007,1,structural_discrete,first_two,1
3_delete_object_80,-0.022800087928771973,-0.0006846189498901367,15,piebench_3_delete_object_80_311000000007,1,structural_discrete,first_two,1
4_change_attribute_content_40,-0.02006983757019043,-0.05342584848403931,0,piebench_4_change_attribute_content_40_412000000002,1,appearance_like,first_only,1
4_change_attribute_content_40,-0.09153378009796143,0.0029677152633666992,1,piebench_4_change_attribute_content_40_412000000002,0,appearance_like,first_only,1
4_change_attribute_content_40,0.09448778629302979,-0.028900861740112305,2,piebench_4_change_attribute_content_40_412000000002,0,appearance_like,first_only,1
4_change_attribute_content_40,0.07112729549407959,0.04056966304779053,3,piebench_4_change_attribute_content_40_412000000002,1,appearance_like,first_only,1
4_change_attribute_content_40,-0.013194620609283447,-0.030560612678527832,4,piebench_4_change_attribute_content_40_412000000002,1,appearance_like,first_only,1
4_change_attribute_content_40,-0.14592844247817993,-0.10514432191848755,5,piebench_4_change_attribute_content_40_412000000002,1,appearance_like,first_only,1
4_change_attribute_content_40,-0.0716140866279602,-0.018558919429779053,6,piebench_4_change_attribute_content_40_412000000002,1,appearance_like,first_only,1
4_change_attribute_content_40,-0.15680146217346191,-0.12827593088150024,7,piebench_4_change_attribute_content_40_412000000002,1,appearance_like,first_only,1
4_change_attribute_content_40,0.0009313225746154785,0.00943213701248169,8,piebench_4_change_attribute_content_40_412000000002,1,appearance_like,first_only,1
4_change_attribute_content_40,-0.09839266538619995,-0.054708778858184814,9,piebench_4_change_attribute_content_40_412000000002,1,appearance_like,first_only,1
4_change_attribute_content_40,0.14916637539863586,-0.08404481410980225,10,piebench_4_change_attribute_content_40_412000000002,0,appearance_like,first_only,1
4_change_attribute_content_40,-0.05726996064186096,-0.029838085174560547,11,piebench_4_change_attribute_content_40_412000000002,1,appearance_like,first_only,1
4_change_attribute_content_40,-0.11265534162521362,-0.015061020851135254,12,piebench_4_change_attribute_content_40_412000000002,1,appearance_like,first_only,1
4_change_attribute_content_40,-0.03787928819656372,-0.03669983148574829,13,piebench_4_change_attribute_content_40_412000000002,1,appearance_like,first_only,1
4_change_attribute_content_40,0.041434645652770996,0.05016416311264038,14,piebench_4_change_attribute_content_40_412000000002,1,appearance_like,first_only,1
4_change_attribute_content_40,-0.0676766037940979,-0.06234806776046753,15,piebench_4_change_attribute_content_40_412000000002,1,appearance_like,first_only,1
4_change_attribute_content_40,-0.36262550950050354,-0.017195165157318115,0,piebench_4_change_attribute_content_40_412000000002,1,appearance_like,first_two,1
4_change_attribute_content_40,0.0696641206741333,-0.06378471851348877,1,piebench_4_change_attribute_content_40_412000000002,0,appearance_like,first_two,1
4_change_attribute_content_40,-0.06923192739486694,0.034674882888793945,2,piebench_4_change_attribute_content_40_412000000002,0,appearance_like,first_two,1
4_change_attribute_content_40,0.05237656831741333,-0.04273974895477295,3,piebench_4_change_attribute_content_40_412000000002,0,appearance_like,first_two,1
4_change_attribute_content_40,0.0696946382522583,-0.014130234718322754,4,piebench_4_change_attribute_content_40_412000000002,0,appearance_like,first_two,1
4_change_attribute_content_40,-0.15709811449050903,-0.05635422468185425,5,piebench_4_change_attribute_content_40_412000000002,1,appearance_like,first_two,1
4_change_attribute_content_40,-0.05786252021789551,0.01892530918121338,6,piebench_4_change_attribute_content_40_412000000002,0,appearance_like,first_two,1
4_change_attribute_content_40,-0.26488494873046875,-0.027462005615234375,7,piebench_4_change_attribute_content_40_412000000002,1,appearance_like,first_two,1
4_change_attribute_content_40,-0.07951295375823975,-0.008171021938323975,8,piebench_4_change_attribute_content_40_412000000002,1,appearance_like,first_two,1
4_change_attribute_content_40,0.004267752170562744,-0.012829840183258057,9,piebench_4_change_attribute_content_40_412000000002,0,appearance_like,first_two,1
4_change_attribute_content_40,0.06851887702941895,-0.12503886222839355,10,piebench_4_change_attribute_content_40_412000000002,0,appearance_like,first_two,1
4_change_attribute_content_40,0.06363880634307861,-0.0991860032081604,11,piebench_4_change_attribute_content_40_412000000002,0,appearance_like,first_two,1
4_change_attribute_content_40,0.01236957311630249,-0.03812885284423828,12,piebench_4_change_attribute_content_40_412000000002,0,appearance_like,first_two,1
4_change_attribute_content_40,-0.04793518781661987,-0.12544161081314087,13,piebench_4_change_attribute_content_40_412000000002,1,appearance_like,first_two,1
4_change_attribute_content_40,-0.021961629390716553,0.031130492687225342,14,piebench_4_change_attribute_content_40_412000000002,0,appearance_like,first_two,1
4_change_attribute_content_40,-0.24387401342391968,-0.03757739067077637,15,piebench_4_change_attribute_content_40_412000000002,1,appearance_like,first_two,1
4_change_attribute_content_40,-0.055549442768096924,0.055391669273376465,0,piebench_4_change_attribute_content_40_414000000003,0,appearance_like,first_only,1
4_change_attribute_content_40,0.02985095977783203,0.014078140258789062,1,piebench_4_change_attribute_content_40_414000000003,1,appearance_like,first_only,1
4_change_attribute_content_40,-0.032753169536590576,-0.03322720527648926,2,piebench_4_change_attribute_content_40_414000000003,1,appearance_like,first_only,1
4_change_attribute_content_40,0.005072236061096191,-0.1120341420173645,3,piebench_4_change_attribute_content_40_414000000003,0,appearance_like,first_only,1
4_change_attribute_content_40,0.013215303421020508,0.06116437911987305,4,piebench_4_change_attribute_content_40_414000000003,1,appearance_like,first_only,1
4_change_attribute_content_40,-0.022606074810028076,-0.0756879448890686,5,piebench_4_change_attribute_content_40_414000000003,1,appearance_like,first_only,1
4_change_attribute_content_40,-0.030254840850830078,0.03136557340621948,6,piebench_4_change_attribute_content_40_414000000003,0,appearance_like,first_only,1
4_change_attribute_content_40,-0.03746241331100464,-0.028299808502197266,7,piebench_4_change_attribute_content_40_414000000003,1,appearance_like,first_only,1
4_change_attribute_content_40,0.022253453731536865,0.03174424171447754,8,piebench_4_change_attribute_content_40_414000000003,1,appearance_like,first_only,1
4_change_attribute_content_40,-0.042938411235809326,-0.036057472229003906,9,piebench_4_change_attribute_content_40_414000000003,1,appearance_like,first_only,1
4_change_attribute_content_40,0.024275362491607666,-0.06095385551452637,10,piebench_4_change_attribute_content_40_414000000003,0,appearance_like,first_only,1
4_change_attribute_content_40,-0.019313693046569824,-0.018940091133117676,11,piebench_4_change_attribute_content_40_414000000003,1,appearance_like,first_only,1
4_change_attribute_content_40,0.03404635190963745,-0.10660290718078613,12,piebench_4_change_attribute_content_40_414000000003,0,appearance_like,first_only,1
4_change_attribute_content_40,0.02338951826095581,-0.0802266001701355,13,piebench_4_change_attribute_content_40_414000000003,0,appearance_like,first_only,1
4_change_attribute_content_40,-0.0721476674079895,-0.010787427425384521,14,piebench_4_change_attribute_content_40_414000000003,1,appearance_like,first_only,1
4_change_attribute_content_40,0.022999823093414307,-0.017076730728149414,15,piebench_4_change_attribute_content_40_414000000003,0,appearance_like,first_only,1
4_change_attribute_content_40,-0.13996577262878418,-0.1324062943458557,0,piebench_4_change_attribute_content_40_414000000003,1,appearance_like,first_two,1
4_change_attribute_content_40,-0.008747756481170654,-0.008187532424926758,1,piebench_4_change_attribute_content_40_414000000003,1,appearance_like,first_two,1
4_change_attribute_content_40,0.019350409507751465,0.08743178844451904,2,piebench_4_change_attribute_content_40_414000000003,1,appearance_like,first_two,1
4_change_attribute_content_40,-0.04450494050979614,-0.04516315460205078,3,piebench_4_change_attribute_content_40_414000000003,1,appearance_like,first_two,1
4_change_attribute_content_40,0.08782327175140381,0.06321018934249878,4,piebench_4_change_attribute_content_40_414000000003,1,appearance_like,first_two,1
4_change_attribute_content_40,-0.09198403358459473,-0.097514808177948,5,piebench_4_change_attribute_content_40_414000000003,1,appearance_like,first_two,1
4_change_attribute_content_40,-0.07364457845687866,-0.08817034959793091,6,piebench_4_change_attribute_content_40_414000000003,1,appearance_like,first_two,1
4_change_attribute_content_40,-0.12390226125717163,-0.0343286395072937,7,piebench_4_change_attribute_content_40_414000000003,1,appearance_like,first_two,1
4_change_attribute_content_40,-0.004989981651306152,0.00035500526428222656,8,piebench_4_change_attribute_content_40_414000000003,0,appearance_like,first_two,1
4_change_attribute_content_40,0.047044217586517334,0.055329203605651855,9,piebench_4_change_attribute_content_40_414000000003,1,appearance_like,first_two,1
4_change_attribute_content_40,0.04638183116912842,0.026268184185028076,10,piebench_4_change_attribute_content_40_414000000003,1,appearance_like,first_two,1
4_change_attribute_content_40,0.1274309754371643,0.07612496614456177,11,piebench_4_change_attribute_content_40_414000000003,1,appearance_like,first_two,1
4_change_attribute_content_40,0.030957341194152832,-0.052550673484802246,12,piebench_4_change_attribute_content_40_414000000003,0,appearance_like,first_two,1
4_change_attribute_content_40,0.07683587074279785,-0.029886603355407715,13,piebench_4_change_attribute_content_40_414000000003,0,appearance_like,first_two,1
4_change_attribute_content_40,-0.02632296085357666,-0.09213763475418091,14,piebench_4_change_attribute_content_40_414000000003,1,appearance_like,first_two,1
4_change_attribute_content_40,0.023748040199279785,-0.09441399574279785,15,piebench_4_change_attribute_content_40_414000000003,0,appearance_like,first_two,1
5_change_attribute_pose_40,0.0017995238304138184,-0.03406602144241333,0,piebench_5_change_attribute_pose_40_511000000001,0,structural_discrete,first_only,1
5_change_attribute_pose_40,0.03301894664764404,-0.02906888723373413,1,piebench_5_change_attribute_pose_40_511000000001,0,structural_discrete,first_only,1
5_change_attribute_pose_40,-0.051029324531555176,-0.0777961015701294,2,piebench_5_change_attribute_pose_40_511000000001,1,structural_discrete,first_only,1
5_change_attribute_pose_40,-0.020284056663513184,-0.062467753887176514,3,piebench_5_change_attribute_pose_40_511000000001,1,structural_discrete,first_only,1
5_change_attribute_pose_40,-0.04402822256088257,-0.09136199951171875,4,piebench_5_change_attribute_pose_40_511000000001,1,structural_discrete,first_only,1
5_change_attribute_pose_40,0.031474769115448,0.011900544166564941,5,piebench_5_change_attribute_pose_40_511000000001,1,structural_discrete,first_only,1
5_change_attribute_pose_40,0.066905677318573,-0.010333895683288574,6,piebench_5_change_attribute_pose_40_511000000001,0,structural_discrete,first_only,1
5_change_attribute_pose_40,0.06037187576293945,-0.0737144947052002,7,piebench_5_change_attribute_pose_40_511000000001,0,structural_discrete,first_only,1
5_change_attribute_pose_40,0.0385357141494751,0.0057451725006103516,8,piebench_5_change_attribute_pose_40_511000000001,1,structural_discrete,first_only,1
5_change_attribute_pose_40,-0.04763704538345337,-0.04381757974624634,9,piebench_5_change_attribute_pose_40_511000000001,1,structural_discrete,first_only,1
5_change_attribute_pose_40,0.0031403303146362305,0.00660473108291626,10,piebench_5_change_attribute_pose_40_511000000001,1,structural_discrete,first_only,1
5_change_attribute_pose_40,0.037034809589385986,0.03807586431503296,11,piebench_5_change_attribute_pose_40_511000000001,1,structural_discrete,first_only,1
5_change_attribute_pose_40,0.0019387602806091309,0.011815309524536133,12,piebench_5_change_attribute_pose_40_511000000001,1,structural_discrete,first_only,1
5_change_attribute_pose_40,-0.006830394268035889,-0.1064257025718689,13,piebench_5_change_attribute_pose_40_511000000001,1,structural_discrete,first_only,1
5_change_attribute_pose_40,-0.014104604721069336,0.007429838180541992,14,piebench_5_change_attribute_pose_40_511000000001,0,structural_discrete,first_only,1
5_change_attribute_pose_40,0.018975019454956055,0.04056549072265625,15,piebench_5_change_attribute_pose_40_511000000001,1,structural_discrete,first_only,1
5_change_attribute_pose_40,0.013186872005462646,-0.06814849376678467,0,piebench_5_change_attribute_pose_40_511000000001,0,structural_discrete,first_two,1
5_change_attribute_pose_40,-0.037575483322143555,-0.056939542293548584,1,piebench_5_change_attribute_pose_40_511000000001,1,structural_discrete,first_two,1
5_change_attribute_pose_40,-0.0775299072265625,-0.059276282787323,2,piebench_5_change_attribute_pose_40_511000000001,1,structural_discrete,first_two,1
5_change_attribute_pose_40,0.0163382887840271,-0.04486280679702759,3,piebench_5_change_attribute_pose_40_511000000001,0,structural_discrete,first_two,1
5_change_attribute_pose_40,-0.10844969749450684,-0.08660691976547241,4,piebench_5_change_attribute_pose_40_511000000001,1,structural_discrete,first_two,1
5_change_attribute_pose_40,0.02740919589996338,-0.07623100280761719,5,piebench_5_change_attribute_pose_40_511000000001,0,structural_discrete,first_two,1
5_change_attribute_pose_40,-0.02195531129837036,0.01193249225616455,6,piebench_5_change_attribute_pose_40_511000000001,0,structural_discrete,first_two,1
5_change_attribute_pose_40,0.051639020442962646,-0.006739497184753418,7,piebench_5_change_attribute_pose_40_511000000001,0,structural_discrete,first_two,1
5_change_attribute_pose_40,-0.008765697479248047,-0.04378730058670044,8,piebench_5_change_attribute_pose_40_511000000001,1,structural_discrete,first_two,1
5_change_attribute_pose_40,0.023332178592681885,-0.04727107286453247,9,piebench_5_change_attribute_pose_40_511000000001,0,structural_discrete,first_two,1
5_change_attribute_pose_40,0.09631204605102539,0.037806153297424316,10,piebench_5_change_attribute_pose_40_511000000001,1,structural_discrete,first_two,1
5_change_attribute_pose_40,-0.06932312250137329,0.014334917068481445,11,piebench_5_change_attribute_pose_40_511000000001,0,structural_discrete,first_two,1
5_change_attribute_pose_40,0.028167903423309326,-0.007879316806793213,12,piebench_5_change_attribute_pose_40_511000000001,0,structural_discrete,first_two,1
5_change_attribute_pose_40,0.00045877695083618164,-0.04311913251876831,13,piebench_5_change_attribute_pose_40_511000000001,0,structural_discrete,first_two,1
5_change_attribute_pose_40,-0.056694746017456055,0.006678223609924316,14,piebench_5_change_attribute_pose_40_511000000001,0,structural_discrete,first_two,1
5_change_attribute_pose_40,0.030515670776367188,0.016321957111358643,15,piebench_5_change_attribute_pose_40_511000000001,1,structural_discrete,first_two,1
5_change_attribute_pose_40,-0.01384115219116211,0.06225013732910156,0,piebench_5_change_attribute_pose_40_511000000002,0,structural_discrete,first_only,1
5_change_attribute_pose_40,-0.04875504970550537,-0.11944550275802612,1,piebench_5_change_attribute_pose_40_511000000002,1,structural_discrete,first_only,1
5_change_attribute_pose_40,-0.006706535816192627,0.021080434322357178,2,piebench_5_change_attribute_pose_40_511000000002,0,structural_discrete,first_only,1
5_change_attribute_pose_40,0.010783135890960693,-0.09796911478042603,3,piebench_5_change_attribute_pose_40_511000000002,0,structural_discrete,first_only,1
5_change_attribute_pose_40,-0.028665661811828613,-0.1193772554397583,4,piebench_5_change_attribute_pose_40_511000000002,1,structural_discrete,first_only,1
5_change_attribute_pose_40,0.0533146858215332,-0.17161017656326294,5,piebench_5_change_attribute_pose_40_511000000002,0,structural_discrete,first_only,1
5_change_attribute_pose_40,0.009334981441497803,0.21860766410827637,6,piebench_5_change_attribute_pose_40_511000000002,1,structural_discrete,first_only,1
5_change_attribute_pose_40,-0.0792807936668396,-0.0832831859588623,7,piebench_5_change_attribute_pose_40_511000000002,1,structural_discrete,first_only,1
5_change_attribute_pose_40,0.04658067226409912,-0.029418587684631348,8,piebench_5_change_attribute_pose_40_511000000002,0,structural_discrete,first_only,1
5_change_attribute_pose_40,-0.05654209852218628,-0.026092231273651123,9,piebench_5_change_attribute_pose_40_511000000002,1,structural_discrete,first_only,1
5_change_attribute_pose_40,0.1268174648284912,0.13184601068496704,10,piebench_5_change_attribute_pose_40_511000000002,1,structural_discrete,first_only,1
5_change_attribute_pose_40,-0.01835256814956665,0.00025540590286254883,11,piebench_5_change_attribute_pose_40_511000000002,0,structural_discrete,first_only,1
5_change_attribute_pose_40,0.04819607734680176,0.04310184717178345,12,piebench_5_change_attribute_pose_40_511000000002,1,structural_discrete,first_only,1
5_change_attribute_pose_40,0.014708936214447021,0.1872512698173523,13,piebench_5_change_attribute_pose_40_511000000002,1,structural_discrete,first_only,1
5_change_attribute_pose_40,0.032771527767181396,0.08303195238113403,14,piebench_5_change_attribute_pose_40_511000000002,1,structural_discrete,first_only,1
5_change_attribute_pose_40,0.0023673176765441895,-0.017563343048095703,15,piebench_5_change_attribute_pose_40_511000000002,0,structural_discrete,first_only,1
5_change_attribute_pose_40,0.18928855657577515,0.0013542771339416504,0,piebench_5_change_attribute_pose_40_511000000002,1,structural_discrete,first_two,1
5_change_attribute_pose_40,-0.06537020206451416,-0.1855739951133728,1,piebench_5_change_attribute_pose_40_511000000002,1,structural_discrete,first_two,1
5_change_attribute_pose_40,-0.09485483169555664,-0.10039746761322021,2,piebench_5_change_attribute_pose_40_511000000002,1,structural_discrete,first_two,1
5_change_attribute_pose_40,0.020181894302368164,-0.10778176784515381,3,piebench_5_change_attribute_pose_40_511000000002,0,structural_discrete,first_two,1
5_change_attribute_pose_40,-0.09704619646072388,-0.11289745569229126,4,piebench_5_change_attribute_pose_40_511000000002,1,structural_discrete,first_two,1
5_change_attribute_pose_40,-0.02593374252319336,-0.13881808519363403,5,piebench_5_change_attribute_pose_40_511000000002,1,structural_discrete,first_two,1
5_change_attribute_pose_40,0.062339842319488525,0.2528877854347229,6,piebench_5_change_attribute_pose_40_511000000002,1,structural_discrete,first_two,1
5_change_attribute_pose_40,-0.012273550033569336,0.012870311737060547,7,piebench_5_change_attribute_pose_40_511000000002,0,structural_discrete,first_two,1
5_change_attribute_pose_40,0.07195925712585449,-0.008499562740325928,8,piebench_5_change_attribute_pose_40_511000000002,0,structural_discrete,first_two,1
5_change_attribute_pose_40,0.037090301513671875,0.046248435974121094,9,piebench_5_change_attribute_pose_40_511000000002,1,structural_discrete,first_two,1
5_change_attribute_pose_40,0.21668308973312378,0.1597234606742859,10,piebench_5_change_attribute_pose_40_511000000002,1,structural_discrete,first_two,1
5_change_attribute_pose_40,-0.22383511066436768,-0.029912114143371582,11,piebench_5_change_attribute_pose_40_511000000002,1,structural_discrete,first_two,1
5_change_attribute_pose_40,0.15308833122253418,0.06258535385131836,12,piebench_5_change_attribute_pose_40_511000000002,1,structural_discrete,first_two,1
5_change_attribute_pose_40,0.08513432741165161,0.13048309087753296,13,piebench_5_change_attribute_pose_40_511000000002,1,structural_discrete,first_two,1
5_change_attribute_pose_40,-0.06764256954193115,-0.13686060905456543,14,piebench_5_change_attribute_pose_40_511000000002,1,structural_discrete,first_two,1
5_change_attribute_pose_40,-0.0376666784286499,0.0032241344451904297,15,piebench_5_change_attribute_pose_40_511000000002,0,structural_discrete,first_two,1
6_change_attribute_color_40,0.12001824378967285,0.003369927406311035,0,piebench_6_change_attribute_color_40_611000000000,1,appearance_like,first_only,1
6_change_attribute_color_40,0.07438743114471436,0.008604645729064941,1,piebench_6_change_attribute_color_40_611000000000,1,appearance_like,first_only,1
6_change_attribute_color_40,0.10336017608642578,0.004544854164123535,2,piebench_6_change_attribute_color_40_611000000000,1,appearance_like,first_only,1
6_change_attribute_color_40,0.025861263275146484,0.01708132028579712,3,piebench_6_change_attribute_color_40_611000000000,1,appearance_like,first_only,1
6_change_attribute_color_40,-0.03268653154373169,0.01952528953552246,4,piebench_6_change_attribute_color_40_611000000000,0,appearance_like,first_only,1
6_change_attribute_color_40,0.025237560272216797,-0.015794336795806885,5,piebench_6_change_attribute_color_40_611000000000,0,appearance_like,first_only,1
6_change_attribute_color_40,0.006798386573791504,-0.01079481840133667,6,piebench_6_change_attribute_color_40_611000000000,0,appearance_like,first_only,1
6_change_attribute_color_40,0.02720797061920166,-0.006397128105163574,7,piebench_6_change_attribute_color_40_611000000000,0,appearance_like,first_only,1
6_change_attribute_color_40,-0.02202814817428589,-0.020089805126190186,8,piebench_6_change_attribute_color_40_611000000000,1,appearance_like,first_only,1
6_change_attribute_color_40,0.020050108432769775,0.013983190059661865,9,piebench_6_change_attribute_color_40_611000000000,1,appearance_like,first_only,1
6_change_attribute_color_40,0.06644070148468018,0.0007467865943908691,10,piebench_6_change_attribute_color_40_611000000000,1,appearance_like,first_only,1
6_change_attribute_color_40,-0.07201659679412842,-0.020396947860717773,11,piebench_6_change_attribute_color_40_611000000000,1,appearance_like,first_only,1
6_change_attribute_color_40,-0.006655454635620117,0.001116335391998291,12,piebench_6_change_attribute_color_40_611000000000,0,appearance_like,first_only,1
6_change_attribute_color_40,0.015660583972930908,0.025128602981567383,13,piebench_6_change_attribute_color_40_611000000000,1,appearance_like,first_only,1
6_change_attribute_color_40,-0.06175887584686279,0.014968812465667725,14,piebench_6_change_attribute_color_40_611000000000,0,appearance_like,first_only,1
6_change_attribute_color_40,-0.038723766803741455,-0.020754218101501465,15,piebench_6_change_attribute_color_40_611000000000,1,appearance_like,first_only,1
6_change_attribute_color_40,-0.035543620586395264,-0.010915160179138184,0,piebench_6_change_attribute_color_40_611000000000,1,appearance_like,first_two,1
6_change_attribute_color_40,0.03203636407852173,-0.023163139820098877,1,piebench_6_change_attribute_color_40_611000000000,0,appearance_like,first_two,1
6_change_attribute_color_40,0.03086775541305542,0.03291285037994385,2,piebench_6_change_attribute_color_40_611000000000,1,appearance_like,first_two,1
6_change_attribute_color_40,-0.011105179786682129,0.010954022407531738,3,piebench_6_change_attribute_color_40_611000000000,0,appearance_like,first_two,1
6_change_attribute_color_40,0.024851739406585693,0.017315030097961426,4,piebench_6_change_attribute_color_40_611000000000,1,appearance_like,first_two,1
6_change_attribute_color_40,-0.04242897033691406,-0.0015503168106079102,5,piebench_6_change_attribute_color_40_611000000000,1,appearance_like,first_two,1
6_change_attribute_color_40,-0.011884331703186035,-0.007180452346801758,6,piebench_6_change_attribute_color_40_611000000000,1,appearance_like,first_two,1
6_change_attribute_color_40,0.058033764362335205,-0.010959148406982422,7,piebench_6_change_attribute_color_40_611000000000,0,appearance_like,first_two,1
6_change_attribute_color_40,-0.05597561597824097,0.002020716667175293,8,piebench_6_change_attribute_color_40_611000000000,0,appearance_like,first_two,1
6_change_attribute_color_40,0.04213523864746094,0.011530637741088867,9,piebench_6_change_attribute_color_40_611000000000,1,appearance_like,first_two,1
6_change_attribute_color_40,-0.02460712194442749,0.01566946506500244,10,piebench_6_change_attribute_color_40_611000000000,0,appearance_like,first_two,1
6_change_attribute_color_40,-0.027871549129486084,-0.012689828872680664,11,piebench_6_change_attribute_color_40_611000000000,1,appearance_like,first_two,1
6_change_attribute_color_40,0.059519052505493164,-0.036820292472839355,12,piebench_6_change_attribute_color_40_611000000000,0,appearance_like,first_two,1
6_change_attribute_color_40,0.01915055513381958,0.03289926052093506,13,piebench_6_change_attribute_color_40_611000000000,1,appearance_like,first_two,1
6_change_attribute_color_40,-0.060268938541412354,-0.013472914695739746,14,piebench_6_change_attribute_color_40_611000000000,1,appearance_like,first_two,1
6_change_attribute_color_40,0.004944503307342529,-0.016645312309265137,15,piebench_6_change_attribute_color_40_611000000000,0,appearance_like,first_two,1
6_change_attribute_color_40,0.04558229446411133,-0.08698832988739014,0,piebench_6_change_attribute_color_40_611000000003,0,appearance_like,first_only,1
6_change_attribute_color_40,0.03878706693649292,0.08219069242477417,1,piebench_6_change_attribute_color_40_611000000003,1,appearance_like,first_only,1
6_change_attribute_color_40,0.040125250816345215,0.08089339733123779,2,piebench_6_change_attribute_color_40_611000000003,1,appearance_like,first_only,1
6_change_attribute_color_40,-0.011927187442779541,-0.039089977741241455,3,piebench_6_change_attribute_color_40_611000000003,1,appearance_like,first_only,1
6_change_attribute_color_40,-0.06790882349014282,0.04332685470581055,4,piebench_6_change_attribute_color_40_611000000003,0,appearance_like,first_only,1
6_change_attribute_color_40,0.033304452896118164,0.1259915828704834,5,piebench_6_change_attribute_color_40_611000000003,1,appearance_like,first_only,1
6_change_attribute_color_40,0.02739083766937256,-0.06464725732803345,6,piebench_6_change_attribute_color_40_611000000003,0,appearance_like,first_only,1
6_change_attribute_color_40,-0.06933051347732544,-0.0037518739700317383,7,piebench_6_change_attribute_color_40_611000000003,1,appearance_like,first_only,1
6_change_attribute_color_40,-0.14712584018707275,-0.055718183517456055,8,piebench_6_change_attribute_color_40_611000000003,1,appearance_like,first_only,1
6_change_attribute_color_40,0.05955231189727783,0.0285680890083313,9,piebench_6_change_attribute_color_40_611000000003,1,appearance_like,first_only,1
6_change_attribute_color_40,0.1188511848449707,0.14808553457260132,10,piebench_6_change_attribute_color_40_611000000003,1,appearance_like,first_only,1
6_change_attribute_color_40,0.053982675075531006,0.07538402080535889,11,piebench_6_change_attribute_color_40_611000000003,1,appearance_like,first_only,1
6_change_attribute_color_40,0.13796257972717285,0.130953848361969,12,piebench_6_change_attribute_color_40_611000000003,1,appearance_like,first_only,1
6_change_attribute_color_40,-0.06972301006317139,-0.025120854377746582,13,piebench_6_change_attribute_color_40_611000000003,1,appearance_like,first_only,1
6_change_attribute_color_40,0.09026342630386353,0.04285532236099243,14,piebench_6_change_attribute_color_40_611000000003,1,appearance_like,first_only,1
6_change_attribute_color_40,-0.12137174606323242,-0.11092936992645264,15,piebench_6_change_attribute_color_40_611000000003,1,appearance_like,first_only,1
6_change_attribute_color_40,-0.003257572650909424,-0.09382933378219604,0,piebench_6_change_attribute_color_40_611000000003,1,appearance_like,first_two,1
6_change_attribute_color_40,0.07793396711349487,0.1336992383003235,1,piebench_6_change_attribute_color_40_611000000003,1,appearance_like,first_two,1
6_change_attribute_color_40,-0.0026074647903442383,0.01930403709411621,2,piebench_6_change_attribute_color_40_611000000003,0,appearance_like,first_two,1
6_change_attribute_color_40,-0.026594579219818115,-0.10688447952270508,3,piebench_6_change_attribute_color_40_611000000003,1,appearance_like,first_two,1
6_change_attribute_color_40,0.04673147201538086,0.05107313394546509,4,piebench_6_change_attribute_color_40_611000000003,1,appearance_like,first_two,1
6_change_attribute_color_40,0.13380318880081177,0.14308547973632812,5,piebench_6_change_attribute_color_40_611000000003,1,appearance_like,first_two,1
6_change_attribute_color_40,0.02906489372253418,-0.06582355499267578,6,piebench_6_change_attribute_color_40_611000000003,0,appearance_like,first_two,1
6_change_attribute_color_40,-0.004659473896026611,-0.026721477508544922,7,piebench_6_change_attribute_color_40_611000000003,1,appearance_like,first_two,1
6_change_attribute_color_40,0.015012383460998535,-0.045154571533203125,8,piebench_6_change_attribute_color_40_611000000003,0,appearance_like,first_two,1
6_change_attribute_color_40,0.06260961294174194,0.12341111898422241,9,piebench_6_change_attribute_color_40_611000000003,1,appearance_like,first_two,1
6_change_attribute_color_40,0.18608444929122925,0.22046279907226562,10,piebench_6_change_attribute_color_40_611000000003,1,appearance_like,first_two,1
6_change_attribute_color_40,0.03691375255584717,0.04725849628448486,11,piebench_6_change_attribute_color_40_611000000003,1,appearance_like,first_two,1
6_change_attribute_color_40,0.16425514221191406,0.1257326602935791,12,piebench_6_change_attribute_color_40_611000000003,1,appearance_like,first_two,1
6_change_attribute_color_40,0.010435283184051514,0.048354148864746094,13,piebench_6_change_attribute_color_40_611000000003,1,appearance_like,first_two,1
6_change_attribute_color_40,0.11266219615936279,0.10250777006149292,14,piebench_6_change_attribute_color_40_611000000003,1,appearance_like,first_two,1
6_change_attribute_color_40,-0.11157631874084473,-0.19816261529922485,15,piebench_6_change_attribute_color_40_611000000003,1,appearance_like,first_two,1
7_change_attribute_material_40,0.01732635498046875,0.03796541690826416,0,piebench_7_change_attribute_material_40_711000000000,1,appearance_like,first_only,1
7_change_attribute_material_40,0.035304903984069824,0.008319199085235596,1,piebench_7_change_attribute_material_40_711000000000,1,appearance_like,first_only,1
7_change_attribute_material_40,-0.04377347230911255,-0.00531005859375,2,piebench_7_change_attribute_material_40_711000000000,1,appearance_like,first_only,1
7_change_attribute_material_40,-0.039843082427978516,0.024973034858703613,3,piebench_7_change_attribute_material_40_711000000000,0,appearance_like,first_only,1
7_change_attribute_material_40,0.0023993849754333496,0.03585571050643921,4,piebench_7_change_attribute_material_40_711000000000,1,appearance_like,first_only,1
7_change_attribute_material_40,0.01416027545928955,-0.012222826480865479,5,piebench_7_change_attribute_material_40_711000000000,0,appearance_like,first_only,1
7_change_attribute_material_40,-0.01435941457748413,0.014183104038238525,6,piebench_7_change_attribute_material_40_711000000000,0,appearance_like,first_only,1
7_change_attribute_material_40,-0.020328283309936523,0.006367981433868408,7,piebench_7_change_attribute_material_40_711000000000,0,appearance_like,first_only,1
7_change_attribute_material_40,0.018684685230255127,-0.010319769382476807,8,piebench_7_change_attribute_material_40_711000000000,0,appearance_like,first_only,1
7_change_attribute_material_40,0.07513391971588135,0.09343379735946655,9,piebench_7_change_attribute_material_40_711000000000,1,appearance_like,first_only,1
7_change_attribute_material_40,-0.05862557888031006,-0.04678833484649658,10,piebench_7_change_attribute_material_40_711000000000,1,appearance_like,first_only,1
7_change_attribute_material_40,0.012880861759185791,0.025507867336273193,11,piebench_7_change_attribute_material_40_711000000000,1,appearance_like,first_only,1
7_change_attribute_material_40,0.057069242000579834,-0.004279792308807373,12,piebench_7_change_attribute_material_40_711000000000,0,appearance_like,first_only,1
7_change_attribute_material_40,0.08455753326416016,0.023142755031585693,13,piebench_7_change_attribute_material_40_711000000000,1,appearance_like,first_only,1
7_change_attribute_material_40,0.041938841342926025,0.020735442638397217,14,piebench_7_change_attribute_material_40_711000000000,1,appearance_like,first_only,1
7_change_attribute_material_40,-0.052928030490875244,-0.012187004089355469,15,piebench_7_change_attribute_material_40_711000000000,1,appearance_like,first_only,1
7_change_attribute_material_40,0.0349506139755249,-0.0016441941261291504,0,piebench_7_change_attribute_material_40_711000000000,0,appearance_like,first_two,1
7_change_attribute_material_40,0.04477161169052124,0.014262735843658447,1,piebench_7_change_attribute_material_40_711000000000,1,appearance_like,first_two,1
7_change_attribute_material_40,-0.061247944831848145,-0.005630850791931152,2,piebench_7_change_attribute_material_40_711000000000,1,appearance_like,first_two,1
7_change_attribute_material_40,0.1210368275642395,0.020695865154266357,3,piebench_7_change_attribute_material_40_711000000000,1,appearance_like,first_two,1
7_change_attribute_material_40,0.05721747875213623,-0.0008918046951293945,4,piebench_7_change_attribute_material_40_711000000000,0,appearance_like,first_two,1
7_change_attribute_material_40,0.022066175937652588,0.06418359279632568,5,piebench_7_change_attribute_material_40_711000000000,1,appearance_like,first_two,1
7_change_attribute_material_40,-0.0941426157951355,0.020825505256652832,6,piebench_7_change_attribute_material_40_711000000000,0,appearance_like,first_two,1
7_change_attribute_material_40,-0.007315635681152344,0.023340940475463867,7,piebench_7_change_attribute_material_40_711000000000,0,appearance_like,first_two,1
7_change_attribute_material_40,0.08155304193496704,8.422136306762695e-05,8,piebench_7_change_attribute_material_40_711000000000,1,appearance_like,first_two,1
7_change_attribute_material_40,0.07209360599517822,0.0018666386604309082,9,piebench_7_change_attribute_material_40_711000000000,1,appearance_like,first_two,1
7_change_attribute_material_40,-0.05426335334777832,-0.02925640344619751,10,piebench_7_change_attribute_material_40_711000000000,1,appearance_like,first_two,1
7_change_attribute_material_40,0.015799105167388916,0.008651554584503174,11,piebench_7_change_attribute_material_40_711000000000,1,appearance_like,first_two,1
7_change_attribute_material_40,0.0411456823348999,-0.01859194040298462,12,piebench_7_change_attribute_material_40_711000000000,0,appearance_like,first_two,1
7_change_attribute_material_40,0.0677986741065979,0.031320810317993164,13,piebench_7_change_attribute_material_40_711000000000,1,appearance_like,first_two,1
7_change_attribute_material_40,-0.015343308448791504,0.013157844543457031,14,piebench_7_change_attribute_material_40_711000000000,0,appearance_like,first_two,1
7_change_attribute_material_40,0.046356022357940674,0.011547863483428955,15,piebench_7_change_attribute_material_40_711000000000,1,appearance_like,first_two,1
7_change_attribute_material_40,-0.15112626552581787,0.0158538818359375,0,piebench_7_change_attribute_material_40_711000000004,0,appearance_like,first_only,1
7_change_attribute_material_40,0.05120331048965454,0.05237334966659546,1,piebench_7_change_attribute_material_40_711000000004,1,appearance_like,first_only,1
7_change_attribute_material_40,-0.02198159694671631,-0.009335517883300781,2,piebench_7_change_attribute_material_40_711000000004,1,appearance_like,first_only,1
7_change_attribute_material_40,0.02554553747177124,-0.0737905502319336,3,piebench_7_change_attribute_material_40_711000000004,0,appearance_like,first_only,1
7_change_attribute_material_40,-0.008655846118927002,-0.10256415605545044,4,piebench_7_change_attribute_material_40_711000000004,1,appearance_like,first_only,1
7_change_attribute_material_40,0.079925537109375,0.010420739650726318,5,piebench_7_change_attribute_material_40_711000000004,1,appearance_like,first_only,1
7_change_attribute_material_40,-0.023769676685333252,0.06392216682434082,6,piebench_7_change_attribute_material_40_711000000004,0,appearance_like,first_only,1
7_change_attribute_material_40,0.07722759246826172,-0.04194003343582153,7,piebench_7_change_attribute_material_40_711000000004,0,appearance_like,first_only,1
7_change_attribute_material_40,0.11426454782485962,0.13734585046768188,8,piebench_7_change_attribute_material_40_711000000004,1,appearance_like,first_only,1
7_change_attribute_material_40,-0.03941112756729126,-0.08016949892044067,9,piebench_7_change_attribute_material_40_711000000004,1,appearance_like,first_only,1
7_change_attribute_material_40,0.06478023529052734,0.08248215913772583,10,piebench_7_change_attribute_material_40_711000000004,1,appearance_like,first_only,1
7_change_attribute_material_40,-0.08256745338439941,-0.04429137706756592,11,piebench_7_change_attribute_material_40_711000000004,1,appearance_like,first_only,1
7_change_attribute_material_40,0.027924299240112305,-0.056625962257385254,12,piebench_7_change_attribute_material_40_711000000004,0,appearance_like,first_only,1
7_change_attribute_material_40,0.0324549674987793,-0.07092666625976562,13,piebench_7_change_attribute_material_40_711000000004,0,appearance_like,first_only,1
7_change_attribute_material_40,-0.014623463153839111,-0.0007549524307250977,14,piebench_7_change_attribute_material_40_711000000004,1,appearance_like,first_only,1
7_change_attribute_material_40,-0.008012652397155762,-0.03694641590118408,15,piebench_7_change_attribute_material_40_711000000004,1,appearance_like,first_only,1
7_change_attribute_material_40,-0.11235207319259644,-0.029549717903137207,0,piebench_7_change_attribute_material_40_711000000004,1,appearance_like,first_two,1
7_change_attribute_material_40,0.07125914096832275,0.032705068588256836,1,piebench_7_change_attribute_material_40_711000000004,1,appearance_like,first_two,1
7_change_attribute_material_40,-0.03276318311691284,-0.072806715965271,2,piebench_7_change_attribute_material_40_711000000004,1,appearance_like,first_two,1
7_change_attribute_material_40,0.03191560506820679,-0.0400581955909729,3,piebench_7_change_attribute_material_40_711000000004,0,appearance_like,first_two,1
7_change_attribute_material_40,-0.1878451108932495,-0.13283377885818481,4,piebench_7_change_attribute_material_40_711000000004,1,appearance_like,first_two,1
7_change_attribute_material_40,0.149946391582489,0.11365199089050293,5,piebench_7_change_attribute_material_40_711000000004,1,appearance_like,first_two,1
7_change_attribute_material_40,-0.01599276065826416,0.12350869178771973,6,piebench_7_change_attribute_material_40_711000000004,0,appearance_like,first_two,1
7_change_attribute_material_40,-0.10049200057983398,-0.04985839128494263,7,piebench_7_change_attribute_material_40_711000000004,1,appearance_like,first_two,1
7_change_attribute_material_40,0.11196023225784302,0.15733641386032104,8,piebench_7_change_attribute_material_40_711000000004,1,appearance_like,first_two,1
7_change_attribute_material_40,-0.08970952033996582,-0.0093994140625,9,piebench_7_change_attribute_material_40_711000000004,1,appearance_like,first_two,1
7_change_attribute_material_40,-0.07015609741210938,0.023834705352783203,10,piebench_7_change_attribute_material_40_711000000004,0,appearance_like,first_two,1
7_change_attribute_material_40,0.014056086540222168,-0.04590344429016113,11,piebench_7_change_attribute_material_40_711000000004,0,appearance_like,first_two,1
7_change_attribute_material_40,0.06959396600723267,0.025266289710998535,12,piebench_7_change_attribute_material_40_711000000004,1,appearance_like,first_two,1
7_change_attribute_material_40,0.047119855880737305,0.014256596565246582,13,piebench_7_change_attribute_material_40_711000000004,1,appearance_like,first_two,1
7_change_attribute_material_40,-0.0014116764068603516,0.0035108327865600586,14,piebench_7_change_attribute_material_40_711000000004,0,appearance_like,first_two,1
7_change_attribute_material_40,0.03324246406555176,-0.0461004376411438,15,piebench_7_change_attribute_material_40_711000000004,0,appearance_like,first_two,1
8_change_background_80,-0.1813819408416748,-0.060700953006744385,0,piebench_8_change_background_80_811000000003,1,appearance_like,first_only,1
8_change_background_80,-0.021722495555877686,-0.04160928726196289,1,piebench_8_change_background_80_811000000003,1,appearance_like,first_only,1
8_change_background_80,0.07443016767501831,-0.05992090702056885,2,piebench_8_change_background_80_811000000003,0,appearance_like,first_only,1
8_change_background_80,-0.05311936140060425,-0.32056760787963867,3,piebench_8_change_background_80_811000000003,1,appearance_like,first_only,1
8_change_background_80,0.030589818954467773,0.2946375012397766,4,piebench_8_change_background_80_811000000003,1,appearance_like,first_only,1
8_change_background_80,-0.14126980304718018,-0.1897270679473877,5,piebench_8_change_background_80_811000000003,1,appearance_like,first_only,1
8_change_background_80,-0.0184861421585083,0.11095088720321655,6,piebench_8_change_background_80_811000000003,0,appearance_like,first_only,1
8_change_background_80,0.20303690433502197,0.0300905704498291,7,piebench_8_change_background_80_811000000003,1,appearance_like,first_only,1
8_change_background_80,0.028533935546875,0.16796588897705078,8,piebench_8_change_background_80_811000000003,1,appearance_like,first_only,1
8_change_background_80,-0.014697134494781494,0.06832301616668701,9,piebench_8_change_background_80_811000000003,0,appearance_like,first_only,1
8_change_background_80,0.03446400165557861,0.20628869533538818,10,piebench_8_change_background_80_811000000003,1,appearance_like,first_only,1
8_change_background_80,0.00417482852935791,0.20437628030776978,11,piebench_8_change_background_80_811000000003,1,appearance_like,first_only,1
8_change_background_80,0.2158225178718567,0.2921988368034363,12,piebench_8_change_background_80_811000000003,1,appearance_like,first_only,1
8_change_background_80,0.03537857532501221,0.28142082691192627,13,piebench_8_change_background_80_811000000003,1,appearance_like,first_only,1
8_change_background_80,0.00966566801071167,0.08101660013198853,14,piebench_8_change_background_80_811000000003,1,appearance_like,first_only,1
8_change_background_80,-0.19379615783691406,-0.3381156325340271,15,piebench_8_change_background_80_811000000003,1,appearance_like,first_only,1
8_change_background_80,-0.2452821135520935,-0.0519145131111145,0,piebench_8_change_background_80_811000000003,1,appearance_like,first_two,1
8_change_background_80,-0.12164551019668579,-0.06647974252700806,1,piebench_8_change_background_80_811000000003,1,appearance_like,first_two,1
8_change_background_80,0.09772729873657227,0.08561640977859497,2,piebench_8_change_background_80_811000000003,1,appearance_like,first_two,1
8_change_background_80,-0.15604275465011597,-0.19834786653518677,3,piebench_8_change_background_80_811000000003,1,appearance_like,first_two,1
8_change_background_80,0.10063481330871582,0.27218884229660034,4,piebench_8_change_background_80_811000000003,1,appearance_like,first_two,1
8_change_background_80,-0.08605843782424927,-0.23928463459014893,5,piebench_8_change_background_80_811000000003,1,appearance_like,first_two,1
8_change_background_80,-0.08741074800491333,0.04002350568771362,6,piebench_8_change_background_80_811000000003,0,appearance_like,first_two,1
8_change_background_80,0.28834211826324463,0.07384353876113892,7,piebench_8_change_background_80_811000000003,1,appearance_like,first_two,1
8_change_background_80,0.030712127685546875,0.2747642397880554,8,piebench_8_change_background_80_811000000003,1,appearance_like,first_two,1
8_change_background_80,0.061276137828826904,-0.04184412956237793,9,piebench_8_change_background_80_811000000003,0,appearance_like,first_two,1
8_change_background_80,-0.09480029344558716,-0.0860440731048584,10,piebench_8_change_background_80_811000000003,1,appearance_like,first_two,1
8_change_background_80,0.18031412363052368,0.1475558876991272,11,piebench_8_change_background_80_811000000003,1,appearance_like,first_two,1
8_change_background_80,0.243644118309021,0.35337162017822266,12,piebench_8_change_background_80_811000000003,1,appearance_like,first_two,1
8_change_background_80,0.04167991876602173,0.22529208660125732,13,piebench_8_change_background_80_811000000003,1,appearance_like,first_two,1
8_change_background_80,-0.16456669569015503,-0.034549057483673096,14,piebench_8_change_background_80_811000000003,1,appearance_like,first_two,1
8_change_background_80,-0.2629293203353882,-0.3050857186317444,15,piebench_8_change_background_80_811000000003,1,appearance_like,first_two,1
9_change_style_80,0.006310462951660156,0.07289934158325195,0,piebench_9_change_style_80_912000000002,1,appearance_like,first_only,1
9_change_style_80,-0.14579278230667114,-0.08427262306213379,1,piebench_9_change_style_80_912000000002,1,appearance_like,first_only,1
9_change_style_80,-0.02391880750656128,0.008683979511260986,2,piebench_9_change_style_80_912000000002,0,appearance_like,first_only,1
9_change_style_80,-0.15140950679779053,-0.03758889436721802,3,piebench_9_change_style_80_912000000002,1,appearance_like,first_only,1
9_change_style_80,0.08033394813537598,0.0052263736724853516,4,piebench_9_change_style_80_912000000002,1,appearance_like,first_only,1
9_change_style_80,0.19401317834854126,0.06125199794769287,5,piebench_9_change_style_80_912000000002,1,appearance_like,first_only,1
9_change_style_80,0.018441498279571533,-0.07400834560394287,6,piebench_9_change_style_80_912000000002,0,appearance_like,first_only,1
9_change_style_80,0.17471057176589966,-0.011926829814910889,7,piebench_9_change_style_80_912000000002,0,appearance_like,first_only,1
9_change_style_80,-0.1385129690170288,-0.027596771717071533,8,piebench_9_change_style_80_912000000002,1,appearance_like,first_only,1
9_change_style_80,0.15498769283294678,0.02998131513595581,9,piebench_9_change_style_80_912000000002,1,appearance_like,first_only,1
9_change_style_80,-0.21741658449172974,-0.060092270374298096,10,piebench_9_change_style_80_912000000002,1,appearance_like,first_only,1
9_change_style_80,0.20350664854049683,0.04026907682418823,11,piebench_9_change_style_80_912000000002,1,appearance_like,first_only,1
9_change_style_80,-0.07601118087768555,0.1184225082397461,12,piebench_9_change_style_80_912000000002,0,appearance_like,first_only,1
9_change_style_80,-0.095897376537323,0.05021333694458008,13,piebench_9_change_style_80_912000000002,0,appearance_like,first_only,1
9_change_style_80,-0.1213575005531311,-0.15297198295593262,14,piebench_9_change_style_80_912000000002,1,appearance_like,first_only,1
9_change_style_80,0.10786712169647217,0.0637214183807373,15,piebench_9_change_style_80_912000000002,1,appearance_like,first_only,1
9_change_style_80,-0.0627550482749939,0.12953490018844604,0,piebench_9_change_style_80_912000000002,0,appearance_like,first_two,1
9_change_style_80,-0.11943840980529785,-0.003455936908721924,1,piebench_9_change_style_80_912000000002,1,appearance_like,first_two,1
9_change_style_80,-0.005919218063354492,-0.07390826940536499,2,piebench_9_change_style_80_912000000002,1,appearance_like,first_two,1
9_change_style_80,0.019415438175201416,-0.09734255075454712,3,piebench_9_change_style_80_912000000002,0,appearance_like,first_two,1
9_change_style_80,0.020568668842315674,-0.017229557037353516,4,piebench_9_change_style_80_912000000002,0,appearance_like,first_two,1
9_change_style_80,-0.051568686962127686,0.06124842166900635,5,piebench_9_change_style_80_912000000002,0,appearance_like,first_two,1
9_change_style_80,-0.004613339900970459,-0.12823504209518433,6,piebench_9_change_style_80_912000000002,1,appearance_like,first_two,1
9_change_style_80,0.17353951930999756,-0.008762121200561523,7,piebench_9_change_style_80_912000000002,0,appearance_like,first_two,1
9_change_style_80,-0.020733952522277832,0.027801215648651123,8,piebench_9_change_style_80_912000000002,0,appearance_like,first_two,1
9_change_style_80,-0.05604130029678345,0.05325585603713989,9,piebench_9_change_style_80_912000000002,0,appearance_like,first_two,1
9_change_style_80,-0.15270912647247314,-0.09179645776748657,10,piebench_9_change_style_80_912000000002,1,appearance_like,first_two,1
9_change_style_80,0.08874255418777466,-0.04354149103164673,11,piebench_9_change_style_80_912000000002,0,appearance_like,first_two,1
9_change_style_80,-0.10737550258636475,0.17415320873260498,12,piebench_9_change_style_80_912000000002,0,appearance_like,first_two,1
9_change_style_80,-0.15730464458465576,0.041350722312927246,13,piebench_9_change_style_80_912000000002,0,appearance_like,first_two,1
9_change_style_80,0.0024611949920654297,-0.009060919284820557,14,piebench_9_change_style_80_912000000002,0,appearance_like,first_two,1
9_change_style_80,-0.05471068620681763,0.01863694190979004,15,piebench_9_change_style_80_912000000002,0,appearance_like,first_two,1
