D1_energy,D1_energy_fraction,D1_rms,D2_energy,D2_energy_fraction,D2_rms,HH1_rms,HH2_rms,HL1_rms,HL2_rms,LH1_rms,LH2_rms,LL2_energy,LL2_energy_fraction,LL2_rms,delta_D1_rms,delta_D2_rms,delta_HH1_rms,delta_HH2_rms,delta_HL1_rms,delta_HL2_rms,delta_LH1_rms,delta_LH2_rms,delta_LL2_rms,delta_total_rms,delta_velocity,run,step,total_energy,total_rms
247353.03125,0.257134470710827,1.0725041627883911,91623.921875,0.09524713942950028,1.1966544389724731,1.0404316186904907,1.0750255584716797,1.08507239818573,1.2490956783294678,1.0912905931472778,1.256990671157837,622982.875,0.6476183898596727,5.404592990875244,,,,,,,,,,,,native,1,961959.828125,1.7896298170089722
236294.40625,0.37130475418192393,1.0482553243637085,83540.265625,0.13127224755107064,1.142647385597229,1.0198160409927368,1.0491610765457153,1.0599983930587769,1.1881256103515625,1.0643763542175293,1.1851361989974976,316554.71875,0.4974229982670054,3.8525593280792236,,,,,,,,,,,,native,2,636389.390625,1.4556138515472412
232241.15625,0.3599509833872566,1.0392259359359741,81819.140625,0.12681163237133594,1.1308155059814453,1.010783314704895,1.0390464067459106,1.0505326986312866,1.1753007173538208,1.055778980255127,1.1727242469787598,331141.875,0.5132373842414075,3.940324544906616,,,,,,,,,,,,native,3,645202.171875,1.4656579494476318
229534.03125,0.354442064944798,1.0331512689590454,81292.9296875,0.12553098861609338,1.1271733045578003,1.0045981407165527,1.0329111814498901,1.0443129539489746,1.17299485206604,1.049951434135437,1.1699299812316895,336765.5625,0.5200269464391086,3.973642349243164,,,,,,,,,,,,native,4,647592.5234375,1.4683705568313599
229368.421875,0.3536727200685306,1.0327785015106201,82023.8359375,0.12647596791802498,1.132229208946228,1.0039035081863403,1.0339106321334839,1.0439070463180542,1.1824785470962524,1.0499191284179688,1.1741389036178589,337140.71875,0.5198513120134444,3.9758548736572266,,,,,,,,,,,,native,5,648532.9765625,1.4694362878799438
228587.78125,0.35199296861851426,1.0310194492340088,81576.109375,0.12561571204827843,1.1291348934173584,1.002097725868225,1.0318633317947388,1.0421286821365356,1.178259253501892,1.0482230186462402,1.1712383031845093,339246.1875,0.5223913193332074,3.988250494003296,,,,,,,,,,,,native,6,649410.078125,1.470429539680481
228124.8125,0.35164894346506387,1.0299748182296753,81230.40625,0.1252147288232858,1.126739740371704,1.0009849071502686,1.0312154293060303,1.0411127805709839,1.174315094947815,1.0472145080566406,1.1688483953475952,339373.625,0.5231363277116503,3.988999605178833,,,,,,,,,,,,native,7,648728.84375,1.4696582555770874
226839.53125,0.3484985095278355,1.027069330215454,80887.375,0.12426903490667085,1.1243581771850586,0.9980283379554749,1.0293015241622925,1.038321614265442,1.1723803281784058,1.044242024421692,1.1655925512313843,343178.40625,0.5272324555654936,4.011298179626465,,,,,,,,,,,,native,8,650905.3125,1.4721214771270752
226088.15625,0.35062173471644875,1.0253669023513794,80554.8046875,0.12492589540181173,1.1220444440841675,0.9965951442718506,1.0282533168792725,1.0365104675292969,1.169421911239624,1.0423893928527832,1.1627976894378662,338177.75,0.5244523698817395,3.9819650650024414,,,,,,,,,,,,native,9,644820.7109375,1.4652246236801147
224015.4375,0.34747319616617284,1.020655870437622,79833.09375,0.12383012775691504,1.117006778717041,0.9919160008430481,1.0234520435333252,1.0317472219467163,1.1635242700576782,1.037697196006775,1.158390760421753,340849.9375,0.5286966760769121,3.997666358947754,,,,,,,,,,,,native,10,644698.46875,1.4650858640670776
221060.546875,0.3469929537832597,1.0139020681381226,78689.578125,0.1235169709454847,1.108978033065796,0.9856011867523193,1.0163131952285767,1.0249708890914917,1.1550496816635132,1.0305421352386475,1.1499841213226318,337324.90625,0.5294900752712556,3.976940870285034,,,,,,,,,,,,native,11,637075.03125,1.4563977718353271
219770.96875,0.345810039768294,1.0109403133392334,78147.78125,0.12296568330008983,1.1051535606384277,0.9831474423408508,1.0130858421325684,1.0216090679168701,1.1505334377288818,1.0274907350540161,1.1463085412979126,337606.375,0.5312242769316162,3.978599786758423,,,,,,,,,,,,native,12,635525.125,1.454625129699707
217169.34375,0.34375729270033056,1.0049388408660889,77176.4296875,0.12216254868916056,1.0982637405395508,0.9776922464370728,1.0078647136688232,1.0150480270385742,1.143220067024231,1.021519422531128,1.1383349895477295,337406.1875,0.5340801586105088,3.9774200916290283,,,,,,,,,,,,native,13,631751.9609375,1.450300693511963
214891.046875,0.34128764675395834,0.9996535778045654,76145.0625,0.1209327683515576,1.0909005403518677,0.9728189706802368,1.0018329620361328,1.009570598602295,1.1359894275665283,1.016027569770813,1.1296242475509644,338611.78125,0.5377795848944841,3.9845194816589355,,,,,,,,,,,,native,14,629647.890625,1.4478833675384521
213039.0,0.33904661888025583,0.9953365325927734,75637.28125,0.12037497579836308,1.0872571468353271,0.9689351916313171,0.997480034828186,1.0050172805786133,1.1339877843856812,1.0115280151367188,1.1249396800994873,339670.9375,0.5405784053213811,3.99074649810791,,,,,,,,,,,,native,15,628347.21875,1.4463872909545898
233512.671875,0.34015073909749893,1.0420669317245483,82985.5703125,0.12088253219651675,1.1388475894927979,1.0128345489501953,1.0456990003585815,1.0535117387771606,1.1842397451400757,1.0592401027679443,1.1811058521270752,369999.375,0.5389667287059844,4.165099620819092,0.17100587487220764,0.25031018257141113,0.15429411828517914,0.1932515650987625,0.18367476761341095,0.28478729724884033,0.17374101281166077,0.2636580467224121,1.81967031955719,0.5190497040748596,0.5037338137626648,strength_0.00,1,686497.6171875,1.5118345022201538
233429.09375,0.3401401067973665,1.0418803691864014,82953.203125,0.12087487003800759,1.1386253833770752,1.012647032737732,1.0454739332199097,1.0533127784729004,1.1840823888778687,1.0590667724609375,1.180820345878601,369891.0625,0.5389850231646259,4.164490222930908,0.1331050544977188,0.18205927312374115,0.12202031165361404,0.1656082570552826,0.1387753039598465,0.18749244511127472,0.13785254955291748,0.19198240339756012,0.7548410296440125,0.24536927044391632,0.25313737988471985,strength_0.00,2,686273.359375,1.5115875005722046
233519.765625,0.3401549212613927,1.0420827865600586,82987.796875,0.1208835896015904,1.1388628482818604,1.0128451585769653,1.0456513166427612,1.0535285472869873,1.1842920780181885,1.0592600107192993,1.1811398267745972,370002.46875,0.5389614891370169,4.165117263793945,0.12493214011192322,0.1663963496685028,0.11481032520532608,0.153216153383255,0.12996014952659607,0.1713562160730362,0.12943363189697266,0.17385363578796387,0.541194498538971,0.19460543990135193,0.2031739354133606,strength_0.00,3,686510.03125,1.5118482112884521
233536.03125,0.3401488472351251,1.042119026184082,82997.515625,0.12088716722689032,1.1389294862747192,1.0128748416900635,1.0458109378814697,1.053553581237793,1.1843138933181763,1.0593136548995972,1.1811695098876953,370036.5625,0.5389639855379846,4.165309429168701,0.12329258024692535,0.19590656459331512,0.11315592378377914,0.1561385989189148,0.1275787651538849,0.2082841694355011,0.12854015827178955,0.21766164898872375,0.5609114766120911,0.203471377491951,0.21382784843444824,strength_0.00,4,686570.109375,1.5119144916534424
234001.609375,0.3445675081700775,1.0431572198867798,82957.046875,0.12215430057602382,1.1386518478393555,1.013656497001648,1.0456115007400513,1.0546754598617554,1.1842228174209595,1.0605145692825317,1.1806341409683228,362158.21875,0.5332781912538986,4.120729446411133,0.10772868990898132,0.22178466618061066,0.09858497232198715,0.15947581827640533,0.11228866130113602,0.2531318664550781,0.11175274848937988,0.24095024168491364,0.5187250971794128,0.19466571509838104,0.2066154181957245,strength_0.00,5,679116.875,1.503685474395752
233231.375,0.34238599290909877,1.0414390563964844,82714.921875,0.12142633320482894,1.136988878250122,1.0120891332626343,1.0438026189804077,1.0529015064239502,1.1824426651000977,1.0587066411972046,1.1792105436325073,365247.96875,0.5361876738860722,4.138270378112793,0.10657884180545807,0.21308262646198273,0.09657563269138336,0.15395499765872955,0.11053019016981125,0.24032437801361084,0.11195255815982819,0.23399718105793,0.49023276567459106,0.18673722445964813,0.19798262417316437,strength_0.00,6,681194.265625,1.5059834718704224
233440.328125,0.3425928005637257,1.0419055223464966,82747.2109375,0.1214383091456918,1.1372108459472656,1.0124878883361816,1.044182538986206,1.0533870458602905,1.18252432346344,1.0592191219329834,1.1794339418411255,365205.4375,0.5359688902905825,4.138029098510742,0.10906516760587692,0.20831243693828583,0.09834714978933334,0.1549353152513504,0.11243785172700882,0.232848659157753,0.11563390493392944,0.22794464230537415,0.501632571220398,0.18875741958618164,0.20003646612167358,strength_0.00,7,681392.9765625,1.5062031745910645
233169.359375,0.3403987071507128,1.041300654411316,82635.203125,0.12063727577364727,1.1364408731460571,1.011997938156128,1.0435025691986084,1.0527840852737427,1.1818625926971436,1.0585020780563354,1.1784722805023193,369184.40625,0.5389640170756399,4.160510540008545,0.11498723924160004,0.21595384180545807,0.10216040164232254,0.16304315626621246,0.11988852918148041,0.24301046133041382,0.12188596278429031,0.23296143114566803,0.512084424495697,0.19499319791793823,0.2066514790058136,strength_0.00,8,684988.96875,1.5101724863052368
232875.3125,0.3438041399531489,1.0406438112258911,82361.7109375,0.1215942423864146,1.1345587968826294,1.0116572380065918,1.0427390336990356,1.0519956350326538,1.1795483827590942,1.057673692703247,1.1760236024856567,362111.75,0.5346016176604365,4.120465278625488,0.11717995256185532,0.2177514135837555,0.10428585857152939,0.16472768783569336,0.12298699468374252,0.24139325320720673,0.1232561469078064,0.2384137660264969,0.5065234899520874,0.1953219771385193,0.20717068016529083,strength_0.00,9,677348.7734375,1.5017266273498535
231683.84375,0.34160055980248966,1.037978172302246,81958.0,0.12084096252521902,1.131774663925171,1.009108543395996,1.0401028394699097,1.0492478609085083,1.1765539646148682,1.054976463317871,1.1733068227767944,364588.4375,0.5375584776722914,4.1345319747924805,0.12244340032339096,0.22162999212741852,0.1099567711353302,0.16977280378341675,0.12804517149925232,0.2397548109292984,0.1284177005290985,0.24709182977676392,0.5162041187286377,0.2002991884946823,0.2124727964401245,strength_0.00,10,678230.28125,1.5027036666870117
229779.03125,0.3419458352194869,1.0337024927139282,81203.75,0.12084342059260209,1.1265548467636108,1.005133032798767,1.035986304283142,1.0450160503387451,1.1709141731262207,1.0503671169281006,1.1675058603286743,360992.15625,0.537210744187911,4.114090442657471,0.13349483907222748,0.2277328073978424,0.12125203758478165,0.17827108502388,0.13999377191066742,0.24033929407596588,0.1384279578924179,0.2569885849952698,0.5205386281013489,0.20748047530651093,0.22005753219127655,strength_0.00,11,671974.9375,1.4957576990127563
230465.28125,0.34214637567008055,1.0352449417114258,81417.734375,0.12087192734882093,1.1280381679534912,1.0067287683486938,1.037911057472229,1.0464484691619873,1.1718274354934692,1.051969289779663,1.169175624847412,361703.78125,0.5369816969810985,4.118143558502197,0.14785246551036835,0.23620712757110596,0.13706712424755096,0.19046911597251892,0.15357711911201477,0.24259059131145477,0.1523408144712448,0.26879867911338806,0.527910590171814,0.21754688024520874,0.2304101288318634,strength_0.00,12,673586.796875,1.4975506067276
230834.6875,0.3421906057046252,1.0360742807388306,81521.421875,0.12084780251801858,1.1287562847137451,1.007719874382019,1.039223074913025,1.0471079349517822,1.172244668006897,1.052813172340393,1.1696709394454956,362223.15625,0.5369615917773563,4.12109899520874,0.17133890092372894,0.25244563817977905,0.16127923130989075,0.21226078271865845,0.17632466554641724,0.2582315504550934,0.17598207294940948,0.28186556696891785,0.5417355298995972,0.23544517159461975,0.24852125346660614,strength_0.00,13,674579.265625,1.498653531074524
228969.0625,0.34232181897988984,1.03187894821167,80509.65625,0.1203665319324337,1.121729850769043,1.0040817260742188,1.0336370468139648,1.042546033859253,1.1643704175949097,1.0484468936920166,1.1621832847595215,359392.0625,0.5373116490876765,4.104962348937988,0.2124878168106079,0.2837899923324585,0.2036699652671814,0.24500258266925812,0.21755915880203247,0.29121002554893494,0.21596243977546692,0.31109610199928284,0.5611914396286011,0.26804235577583313,0.28182196617126465,strength_0.00,14,668870.78125,1.49229896068573
229932.65625,0.3424527693321174,1.0340479612350464,81190.09375,0.12092137280748583,1.126460075378418,1.0058746337890625,1.0367233753204346,1.0441532135009766,1.1695473194122314,1.0515350103378296,1.1679474115371704,360306.0625,0.5366258578603967,4.1101789474487305,0.35014599561691284,0.415065199136734,0.33765149116516113,0.37596702575683594,0.3550775349140167,0.4250289797782898,0.3573766052722931,0.4414028823375702,0.6599807739257812,0.3942195475101471,0.40430548787117004,strength_0.00,15,671428.8125,1.495149850845337
230252.828125,0.32070136370072727,1.0347676277160645,82279.7734375,0.11460113546170206,1.133994221687317,1.0056204795837402,1.0366491079330444,1.0459986925125122,1.1798120737075806,1.052067756652832,1.1795047521591187,405433.875,0.5646975008375706,4.359984874725342,0.13784119486808777,0.19853182137012482,0.12537164986133575,0.1542096585035324,0.1473531723022461,0.22414912283420563,0.13989132642745972,0.210288405418396,1.4276046752929688,0.40831637382507324,0.3954713046550751,strength_0.25,1,717966.4765625,1.5460972785949707
233782.734375,0.3422725446444426,1.0426692962646484,82862.9765625,0.1213165802029074,1.1380060911178589,1.0136927366256714,1.0447170734405518,1.0541059970855713,1.1835490465164185,1.0596063137054443,1.1802335977554321,366385.21875,0.53641087515265,4.144707679748535,0.10876817256212234,0.1444181650876999,0.10005497932434082,0.1313147395849228,0.11302158236503601,0.14877967536449432,0.11272387206554413,0.15228544175624847,0.62366783618927,0.20132914185523987,0.20493309199810028,strength_0.25,2,683030.9296875,1.5080125331878662
233802.96875,0.34176822336820606,1.0427143573760986,82913.125,0.12120064846334844,1.1383503675460815,1.013586401939392,1.0451364517211914,1.0542078018188477,1.1835764646530151,1.0597399473190308,1.1808305978775024,367381.9375,0.5370311281684456,4.150341510772705,0.10696722567081451,0.13986791670322418,0.09813643246889114,0.1270613670349121,0.11098455637693405,0.1444811224937439,0.11125479638576508,0.1472063511610031,0.4708883762359619,0.1676454097032547,0.17427393794059753,strength_0.25,3,684098.03125,1.5091898441314697
233500.46875,0.3410928607928512,1.0420396327972412,82847.84375,0.12102248953282514,1.1379021406173706,1.0128898620605469,1.0448490381240845,1.0534507036209106,1.1831437349319458,1.0591673851013184,1.1802223920822144,368217.375,0.5378846496743236,4.155057907104492,0.10955121368169785,0.17881649732589722,0.10032599419355392,0.1386578232049942,0.11288872361183167,0.19433678686618805,0.11487054079771042,0.1973150670528412,0.5211784243583679,0.18625926971435547,0.1955265998840332,strength_0.25,4,684565.6875,1.509705662727356
231829.734375,0.347804717434129,1.0383050441741943,82014.265625,0.12304266559323113,1.132163166999817,1.0091828107833862,1.040090560913086,1.049796223640442,1.1773009300231934,1.0553245544433594,1.1736927032470703,352707.4375,0.5291526169726398,4.066607475280762,0.08644463866949081,0.20274315774440765,0.07533947378396988,0.14302600920200348,0.09079831093549728,0.2348601073026657,0.09218274801969528,0.2184002548456192,0.4745854139328003,0.17349457740783691,0.18517309427261353,strength_0.25,5,666551.4375,1.489709496498108
231775.921875,0.34509735067833636,1.038184404373169,82093.265625,0.12223085231001389,1.1327083110809326,1.00913667678833,1.0399953126907349,1.0497064590454102,1.177924394607544,1.0551023483276367,1.1747289896011353,357755.5625,0.5326717970116497,4.095605373382568,0.09564562141895294,0.20613673329353333,0.08475906401872635,0.14809848368167877,0.10006249696016312,0.23183892667293549,0.1012306958436966,0.22758425772190094,0.4629002809524536,0.17554941773414612,0.1871204972267151,strength_0.25,6,671624.75,1.4953681230545044
230561.09375,0.34469972583636915,1.035460114479065,81685.9375,0.12212433504270181,1.129894733428955,1.0066739320755005,1.0369917154312134,1.046870470046997,1.1749509572982788,1.0522371530532837,1.1722304821014404,356628.15625,0.5331759391209291,4.089147090911865,0.09444131702184677,0.20155619084835052,0.08201032131910324,0.1492053121328354,0.0980946272611618,0.22123940289020538,0.10202568024396896,0.22509020566940308,0.4921252429485321,0.17954890429973602,0.19165270030498505,strength_0.25,7,668875.1875,1.4923038482666016
229480.046875,0.3439415273856165,1.0330297946929932,81328.2734375,0.1218936938816538,1.1274182796478271,1.00435471534729,1.0343815088272095,1.044304370880127,1.1735776662826538,1.049834132194519,1.16875422000885,356398.25,0.5341647787327297,4.087829113006592,0.10008170455694199,0.21398742496967316,0.08295120298862457,0.1604781299829483,0.10583475232124329,0.24174495041370392,0.10939445346593857,0.23060357570648193,0.4875256419181824,0.18385818600654602,0.19661372900009155,strength_0.25,8,667206.5703125,1.4904413223266602
229058.1875,0.34687932047096687,1.032079815864563,80982.515625,0.12263765943764598,1.1250191926956177,1.003783941268921,1.033259630203247,1.0430091619491577,1.1704696416854858,1.0488638877868652,1.1659246683120728,350299.0,0.5304830200913871,4.052699089050293,0.10036036372184753,0.2052532136440277,0.08668576925992966,0.15563185513019562,0.10555322468280792,0.22568126022815704,0.107520692050457,0.22634777426719666,0.4501000642776489,0.1748483031988144,0.18696586787700653,strength_0.25,9,660339.703125,1.4827518463134766
227028.828125,0.34407485879519184,1.0274977684020996,80310.890625,0.12171563664284307,1.1203442811965942,0.9993726015090942,1.0289419889450073,1.0383681058883667,1.1658743619918823,1.0441747903823853,1.1608315706253052,352484.21875,0.534209504561965,4.065320014953613,0.10405681282281876,0.20464156568050385,0.09123831242322922,0.15559324622154236,0.10861886292695999,0.2197721004486084,0.11117991805076599,0.23048962652683258,0.45492368936538696,0.17711439728736877,0.18941040337085724,strength_0.25,10,659823.9375,1.4821726083755493
224251.765625,0.34398216426255734,1.0211941003799438,79246.578125,0.12155716757844072,1.1128959655761719,0.9934250712394714,1.0234874486923218,1.0321149826049805,1.1577702760696411,1.0374765396118164,1.1522386074066162,348430.125,0.534460668159002,4.041873931884766,0.11484377086162567,0.2077265977859497,0.10253019630908966,0.1609126180410385,0.12128656357526779,0.21844065189361572,0.11976812034845352,0.23630878329277039,0.46041247248649597,0.18354251980781555,0.19632992148399353,strength_0.25,11,651928.46875,1.4732779264450073
223367.171875,0.3431819061321381,1.019178032875061,78891.734375,0.12120946669832937,1.1104015111923218,0.9917502403259277,1.0223008394241333,1.029900074005127,1.154650092124939,1.0353302955627441,1.149199366569519,348612.15625,0.5356086271695325,4.042929649353027,0.12638692557811737,0.2135961949825287,0.11561747640371323,0.1697927862405777,0.13242334127426147,0.2194734364748001,0.13045158982276917,0.24468718469142914,0.4673525094985962,0.19148245453834534,0.20482420921325684,strength_0.25,12,650871.0625,1.4720827341079712
221459.171875,0.3416801821479547,1.0148158073425293,78148.21875,0.12057164935173542,1.105156660079956,0.9878891110420227,1.0179201364517212,1.0251890420913696,1.1485823392868042,1.0308326482772827,1.1439889669418335,348540.15625,0.5377481685003099,4.0425124168396,0.14165718853473663,0.2224891483783722,0.13235190510749817,0.18178443610668182,0.14690521359443665,0.22849862277507782,0.1452656388282776,0.25148969888687134,0.47163641452789307,0.20176178216934204,0.21574820578098297,strength_0.25,13,648147.546875,1.4689995050430298
220191.0625,0.34007360934900605,1.0119060277938843,77505.09375,0.11970257409741865,1.100599765777588,0.9852859973907471,1.0141043663024902,1.0224090814590454,1.1438523530960083,1.027498483657837,1.1389267444610596,349784.4375,0.5402238165535753,4.049721717834473,0.172458678483963,0.24159912765026093,0.16519075632095337,0.20135632157325745,0.17768684029579163,0.2489406317472458,0.17425666749477386,0.269433856010437,0.4848724901676178,0.22455114126205444,0.23949401080608368,strength_0.25,14,647480.59375,1.4682434797286987
219069.234375,0.3390344790730328,1.0093251466751099,77158.3828125,0.11941134590434697,1.0981353521347046,0.9828505516052246,1.0094095468521118,1.0200937986373901,1.1428706645965576,1.0245120525360107,1.1369444131851196,349928.59375,0.5415541750226203,4.050556182861328,0.24906739592552185,0.30401983857154846,0.24228543043136597,0.2672848701477051,0.25302669405937195,0.31515976786613464,0.25175175070762634,0.32636991143226624,0.521509051322937,0.28881990909576416,0.30360445380210876,strength_0.25,15,646156.2109375,1.4667412042617798
228152.3125,0.30092538522957624,1.0300369262695312,82144.734375,0.10834619892962113,1.1330633163452148,1.0007046461105347,1.0305399894714355,1.0412791967391968,1.1801234483718872,1.0474998950958252,1.1818602085113525,447872.0,0.5907284158408026,4.582493782043457,0.11871905624866486,0.1584738940000534,0.11089781671762466,0.12810984253883362,0.12471595406532288,0.1751268059015274,0.12012597918510437,0.16810829937458038,1.0454111099243164,0.3050355017185211,0.2947261929512024,strength_0.50,1,758169.046875,1.5887945890426636
234978.71875,0.3449802230893694,1.045332908630371,83152.84375,0.12207950890186933,1.139994740486145,1.0165016651153564,1.0464648008346558,1.0568768978118896,1.185703158378601,1.062025547027588,1.1822789907455444,363005.21875,0.5329402680087613,4.125545501708984,0.08885926753282547,0.11184101551771164,0.0825914666056633,0.10164016485214233,0.09164830297231674,0.11565631628036499,0.09201709926128387,0.11755053699016571,0.5078458786010742,0.1631927490234375,0.16328005492687225,strength_0.50,2,681136.78125,1.5059200525283813
234279.171875,0.34338519937118317,1.0437757968902588,82940.0,0.1215659429214718,1.1385347843170166,1.0148746967315674,1.045177936553955,1.0552622079849243,1.1837512254714966,1.0605915784835815,1.18115234375,365044.28125,0.535048857707345,4.137115955352783,0.08728791773319244,0.11080648005008698,0.0809050127863884,0.09906576573848724,0.09046117961406708,0.11534697562456131,0.09015929698944092,0.11711224168539047,0.39350175857543945,0.13807997107505798,0.14225579798221588,strength_0.50,3,682263.453125,1.5071649551391602
233813.4375,0.3421448502279156,1.0427378416061401,82862.1171875,0.12125413739184762,1.1380001306533813,1.0135880708694458,1.0447325706481934,1.0543736219406128,1.1828365325927734,1.0596421957015991,1.1809169054031372,366700.03125,0.5366010123802368,4.146488189697266,0.09491623193025589,0.1606263369321823,0.08647903800010681,0.11839481443166733,0.09790845960378647,0.17353934049606323,0.09981274604797363,0.18239855766296387,0.48383721709251404,0.16902615129947662,0.17719386518001556,strength_0.50,4,683375.5859375,1.5083929300308228
231311.0,0.3511691483330287,1.0371427536010742,81792.6484375,0.1241750487080152,1.1306324005126953,1.008101224899292,1.03744637966156,1.048632025718689,1.1743422746658325,1.0540863275527954,1.174569845199585,345584.625,0.5246558029589561,4.025336265563965,0.07583680748939514,0.18934239447116852,0.06478095054626465,0.12957121431827545,0.07930727303028107,0.2246433049440384,0.08226452022790909,0.2007443904876709,0.4888526499271393,0.16948345303535461,0.18148663640022278,strength_0.50,5,658688.2734375,1.4808964729309082
230702.34375,0.3494574799218661,1.0357773303985596,81455.796875,0.12338555837044857,1.1283018589019775,1.0067687034606934,1.0359858274459839,1.0472136735916138,1.172817349433899,1.052741289138794,1.1706528663635254,348014.71875,0.5271569617076853,4.039463996887207,0.0815441757440567,0.1916247010231018,0.06653138995170593,0.13049452006816864,0.08419643342494965,0.21879296004772186,0.0918307900428772,0.21274611353874207,0.4491035044193268,0.16402895748615265,0.17561906576156616,strength_0.50,6,660172.859375,1.4825644493103027
230372.953125,0.34823183149699877,1.0350375175476074,81586.953125,0.12332686510105496,1.1292098760604858,1.0057659149169922,1.0350537300109863,1.046578049659729,1.1745129823684692,1.0521491765975952,1.1724026203155518,349590.625,0.5284413034019463,4.048599720001221,0.08377227187156677,0.19794121384620667,0.06524346768856049,0.12503428757190704,0.0867992490530014,0.21356576681137085,0.09624221175909042,0.23727254569530487,0.46033617854118347,0.16857881844043732,0.1804368942975998,strength_0.50,7,661550.53125,1.4841104745864868
229521.328125,0.3451490389310171,1.0331226587295532,81464.828125,0.122504986197671,1.1283644437789917,1.0036903619766235,1.0335842370986938,1.0449434518814087,1.173784852027893,1.0501078367233276,1.1719861030578613,354005.78125,0.5323459748713119,4.074085235595703,0.09189902991056442,0.21369022130966187,0.07009430974721909,0.1370224505662918,0.10084209591150284,0.22994163632392883,0.10126181691884995,0.2556212544441223,0.4730675220489502,0.17794892191886902,0.1904703974723816,strength_0.50,8,664991.9375,1.487965703010559
229026.296875,0.3477875589443022,1.0320079326629639,81134.1875,0.12320620558675448,1.1260721683502197,1.0027607679367065,1.033351182937622,1.0438393354415894,1.1715306043624878,1.0488049983978271,1.1678260564804077,348363.0625,0.5290062354689433,4.04148530960083,0.09844490885734558,0.21221841871738434,0.07892178744077682,0.14488743245601654,0.1092185378074646,0.225922629237175,0.10448379814624786,0.2511504888534546,0.46913835406303406,0.17933619022369385,0.19196638464927673,strength_0.50,9,658523.546875,1.4807112216949463
227253.46875,0.3450496510185891,1.0280059576034546,80546.484375,0.12229752301357552,1.1219863891601562,0.9990569353103638,1.0296889543533325,1.03958261013031,1.1675273180007935,1.0447686910629272,1.1632633209228516,350810.96875,0.5326528259678354,4.055659770965576,0.10573079437017441,0.21267370879650116,0.08790555596351624,0.1506708264350891,0.11369091272354126,0.22405050694942474,0.11350766569375992,0.2505793273448944,0.4738704264163971,0.18326105177402496,0.19616307318210602,strength_0.50,10,658610.921875,1.4808094501495361
224388.25,0.34480647546739945,1.0215048789978027,79451.328125,0.12208897935602742,1.1143327951431274,0.9931108951568604,1.0231295824050903,1.032934308052063,1.160040259361267,1.037879467010498,1.1544370651245117,346926.1875,0.5331045451765731,4.033141613006592,0.11597724258899689,0.2161174714565277,0.10012327879667282,0.15758050978183746,0.1236460953950882,0.22908234596252441,0.12263413518667221,0.250619113445282,0.46948572993278503,0.18770168721675873,0.20092737674713135,strength_0.50,11,650765.765625,1.47196364402771
223369.640625,0.34386864441423626,1.01918363571167,78959.15625,0.12155446885175546,1.1108759641647339,0.991361141204834,1.0210059881210327,1.030157208442688,1.1559820175170898,1.035463571548462,1.1503864526748657,347249.59375,0.5345768867340083,4.03502082824707,0.12785503268241882,0.22393925487995148,0.11520104855298996,0.16877628862857819,0.13387927412986755,0.23240961134433746,0.13358813524246216,0.2606658935546875,0.4770384728908539,0.19633230566978455,0.2101566344499588,strength_0.50,12,649578.390625,1.4706201553344727
221088.78125,0.3420393861765845,1.0139667987823486,78035.328125,0.1207259616750154,1.1043580770492554,0.9867976903915405,1.0159640312194824,1.024527668952942,1.1481717824935913,1.0300288200378418,1.1438264846801758,347259.875,0.5372346521484,4.035080909729004,0.14336346089839935,0.23415999114513397,0.13309374451637268,0.18472625315189362,0.14819878339767456,0.24138259887695312,0.14826467633247375,0.26852065324783325,0.4798915684223175,0.20675861835479736,0.22127841413021088,strength_0.50,13,646383.984375,1.4669996500015259
219495.734375,0.34021102696515404,1.0103070735931396,77247.890625,0.11973163977539436,1.0987720489501953,0.9833884239196777,1.0112180709838867,1.020904302597046,1.1423614025115967,1.02609121799469,1.1376944780349731,348431.625,0.5400573332594516,4.0418829917907715,0.16975264251232147,0.24719171226024628,0.16060000658035278,0.20075440406799316,0.17455321550369263,0.25822412967681885,0.17374318838119507,0.2762773931026459,0.4868902862071991,0.2246815413236618,0.24006973206996918,strength_0.50,14,645175.25,1.4656274318695068
218296.921875,0.3387224398949633,1.0075443983078003,76953.625,0.1194058046942493,1.096677303314209,0.9805574417114258,1.0077919960021973,1.0183184146881104,1.1417665481567383,1.0232162475585938,1.1352654695510864,349220.84375,0.5418717554107874,4.046457767486572,0.23847909271717072,0.2978588044643402,0.23075631260871887,0.256745308637619,0.24237103760242462,0.31278344988822937,0.2421252429485321,0.3200123608112335,0.51378333568573,0.2799339294433594,0.2955486476421356,strength_0.50,15,644471.390625,1.4648277759552002
227193.03125,0.2815026571248495,1.0278692245483398,82578.265625,0.10231828443989353,1.1360492706298828,0.9981063604354858,1.0274205207824707,1.0393586158752441,1.185166358947754,1.0454965829849243,1.188112735748291,497301.125,0.616179058435257,4.828749179840088,0.12051959335803986,0.140595942735672,0.11636888980865479,0.12355135381221771,0.12353227287530899,0.1495475172996521,0.12154413014650345,0.14721499383449554,0.6897714734077454,0.21999043226242065,0.21247152984142303,strength_0.75,1,807072.421875,1.6392340660095215
237002.9375,0.34840539322475217,1.0498257875442505,83790.671875,0.12317620317754735,1.1443586349487305,1.020851492881775,1.050210952758789,1.0616116523742676,1.1905293464660645,1.0664170980453491,1.18674635887146,359456.875,0.5284184035977005,4.105332374572754,0.07720419764518738,0.08865131437778473,0.07318588346242905,0.08050215989351273,0.07880435883998871,0.09250153601169586,0.0794680193066597,0.0924123227596283,0.40404030680656433,0.13241589069366455,0.13007117807865143,strength_0.75,2,680250.484375,1.5049397945404053
235036.546875,0.34503940647953435,1.0454615354537964,83103.65625,0.12199820244988972,1.1396574974060059,1.0167064666748047,1.0460258722305298,1.0569348335266113,1.184795618057251,1.0621519088745117,1.182601809501648,363047.34375,0.5329623910705759,4.125784873962402,0.07388338446617126,0.08956608921289444,0.06970495730638504,0.07756824046373367,0.07565325498580933,0.0927029475569725,0.07611875981092453,0.09723982959985733,0.32622888684272766,0.11478003859519958,0.11678659915924072,strength_0.75,3,681187.546875,1.5059760808944702
234185.828125,0.3431739101156819,1.0435678958892822,82884.21875,0.12145782545021805,1.1381518840789795,1.0146691799163818,1.0445876121520996,1.055128574371338,1.1830729246139526,1.060307264328003,1.1812467575073242,365341.46875,0.5353682644341,4.138799667358398,0.07488123327493668,0.11820479482412338,0.07017296552658081,0.08306871354579926,0.07710839062929153,0.12637481093406677,0.07714692503213882,0.13800765573978424,0.32474827766418457,0.12033239006996155,0.12392338365316391,strength_0.75,4,682411.515625,1.5073285102844238
230339.46875,0.3516238875889392,1.0349624156951904,81999.90625,0.12517666196776603,1.1320639848709106,1.0060698986053467,1.0363208055496216,1.0462323427200317,1.1777111291885376,1.0519802570343018,1.1763259172439575,342734.0625,0.5231994504432947,4.008700370788574,0.036305010318756104,0.08783117681741714,0.029243413358926773,0.05929768458008766,0.03957973048090935,0.1006431058049202,0.039146244525909424,0.09745612740516663,0.2504148483276367,0.08390424400568008,0.0897488221526146,strength_0.75,5,655073.4375,1.4768272638320923
229625.84375,0.35016839044222986,1.033357858657837,82028.03125,0.1250888105836625,1.1322581768035889,1.0042729377746582,1.0350128412246704,1.0447360277175903,1.1793781518936157,1.050451397895813,1.1763678789138794,344104.46875,0.5247427989741076,4.016706466674805,0.0378834530711174,0.0830777958035469,0.03131256625056267,0.053899772465229034,0.042482201009988785,0.08804138749837875,0.038990430533885956,0.1002461314201355,0.21568498015403748,0.07616572082042694,0.08144930005073547,strength_0.75,6,655758.34375,1.4775992631912231
229264.6875,0.34955885791914504,1.0325449705123901,81594.5,0.12440677429874009,1.129262089729309,1.00334894657135,1.0336761474609375,1.0438833236694336,1.1761690378189087,1.0497835874557495,1.17210853099823,345009.4375,0.5260343677821149,4.021984577178955,0.03855854645371437,0.08681456744670868,0.03299893066287041,0.06020249053835869,0.04203614592552185,0.09663757681846619,0.04005394130945206,0.09821988642215729,0.21097619831562042,0.07635930925607681,0.08162001520395279,strength_0.75,7,655868.625,1.4777233600616455
228016.890625,0.3465452470810202,1.0297311544418335,81095.34375,0.12325054455366191,1.1258026361465454,1.0006519556045532,1.0313024520874023,1.0410336256027222,1.1724085807800293,1.046892523765564,1.1679761409759521,348859.25,0.5302042083653179,4.044362545013428,0.04467766731977463,0.09621511399745941,0.03820635750889778,0.07224652171134949,0.048784706741571426,0.109577976167202,0.046353090554475784,0.10268958657979965,0.2061702311038971,0.08012228459119797,0.08565504848957062,strength_0.75,8,657971.484375,1.4800903797149658
227426.59375,0.34897176721138656,1.0283974409103394,80777.1328125,0.12394741671606735,1.123591661453247,0.9995737671852112,1.0309064388275146,1.0395344495773315,1.1691088676452637,1.0454782247543335,1.1652430295944214,343501.125,0.5270808160725461,4.01318359375,0.05187027528882027,0.10096678137779236,0.04524197429418564,0.07590154558420181,0.055910512804985046,0.10990197956562042,0.05384008213877678,0.11288659274578094,0.20105940103530884,0.08347795903682709,0.0892636626958847,strength_0.75,9,651704.8515625,1.4730252027511597
225630.359375,0.3457802320460693,1.0243282318115234,80267.78125,0.12301098178157405,1.1200436353683472,0.9956045746803284,1.0272940397262573,1.0355379581451416,1.1656877994537354,1.0412383079528809,1.1616075038909912,346627.1875,0.5312087861723567,4.031403064727783,0.06241103634238243,0.11055725812911987,0.05530638247728348,0.088112011551857,0.0670398473739624,0.11502325534820557,0.06428277492523193,0.12519842386245728,0.2127133309841156,0.09276635199785233,0.09921489655971527,strength_0.75,10,652525.328125,1.4739521741867065
222477.84375,0.3452174057038941,1.0171470642089844,79015.015625,0.122607079635161,1.1112687587738037,0.9887067079544067,1.0198462009429932,1.028550148010254,1.1561834812164307,1.0335899591445923,1.1523488759994507,342964.34375,0.5321755146609449,4.010046482086182,0.07589905709028244,0.12331564724445343,0.06716356426477432,0.10324659198522568,0.08391489088535309,0.12935662269592285,0.07569246739149094,0.13500836491584778,0.21810601651668549,0.10364296287298203,0.11090101301670074,strength_0.75,11,644457.203125,1.4648116827011108
221752.9375,0.3443919407917726,1.015488624572754,78525.53125,0.12195355973082651,1.1078213453292847,0.987456202507019,1.0177228450775146,1.0264967679977417,1.1520463228225708,1.0319331884384155,1.1484049558639526,343618.53125,0.5336544994774008,4.013869285583496,0.09050144255161285,0.13284018635749817,0.08340857177972794,0.11653642356395721,0.09711939841508865,0.13660623133182526,0.09045642614364624,0.1438664197921753,0.22969982028007507,0.11562848836183548,0.12374859303236008,strength_0.75,12,643897.0,1.4641748666763306
219334.828125,0.3424895349246732,1.0099366903305054,77502.2421875,0.121019115428804,1.1005795001983643,0.9824463129043579,1.0118367671966553,1.020487904548645,1.1446245908737183,1.0263139009475708,1.1401082277297974,343576.15625,0.5364913496465228,4.013621807098389,0.1037612110376358,0.14059457182884216,0.0971212089061737,0.13027426600456238,0.10724399983882904,0.14406117796897888,0.10660845041275024,0.14688599109649658,0.2326408177614212,0.12554848194122314,0.1343591958284378,strength_0.75,13,640413.2265625,1.460208535194397
217290.671875,0.34014450549435765,1.005219578742981,76619.6875,0.1199396434781709,1.0942951440811157,0.9782570004463196,1.0064479112625122,1.0154021978378296,1.1383672952651978,1.0214550495147705,1.1329731941223145,344908.34375,0.5399158510274714,4.021395206451416,0.12427986413240433,0.1542752981185913,0.11818088591098785,0.14615698158740997,0.12566448748111725,0.15673065185546875,0.12875624001026154,0.15961278975009918,0.23856161534786224,0.14202092587947845,0.15187068283557892,strength_0.75,14,638818.703125,1.4583896398544312
215586.9375,0.33818235188233176,1.0012708902359009,76118.375,0.1194037606242321,1.0907094478607178,0.9747602343559265,1.0022467374801636,1.0110379457473755,1.1360708475112915,1.0174846649169922,1.1286211013793945,345781.9375,0.5424138874934361,4.026484966278076,0.180387482047081,0.19794690608978271,0.17399701476097107,0.19286860525608063,0.18302874267101288,0.2026277780532837,0.18396861851215363,0.19822366535663605,0.2676257789134979,0.19165129959583282,0.2033160924911499,strength_0.75,15,637487.25,1.4568688869476318
227381.59375,0.2629547039054083,1.0282957553863525,83591.6953125,0.09666934393122814,1.1429990530014038,0.9978200793266296,1.0273339748382568,1.0402525663375854,1.1949975490570068,1.0461387634277344,1.1982929706573486,553744.4375,0.6403759521633635,5.0954155921936035,0.14243367314338684,0.15279294550418854,0.13944140076637268,0.14249257743358612,0.14433296024799347,0.15913736820220947,0.14347873628139496,0.15623126924037933,0.4320780336856842,0.1809840351343155,0.17671437561511993,strength_1.00,1,864717.7265625,1.6967658996582031
240214.65625,0.35342046274754607,1.0569151639938354,84878.9453125,0.12487979125906232,1.151766061782837,1.0275415182113647,1.0570138692855835,1.0692965984344482,1.1984519958496094,1.073299527168274,1.194206953048706,354591.59375,0.5216997459933916,4.077454566955566,0.08016510307788849,0.08517900109291077,0.077206090092659,0.07821480929851532,0.08118462562561035,0.0882711261510849,0.08202197402715683,0.08863993734121323,0.32140839099884033,0.11611322313547134,0.11394399404525757,strength_1.00,2,679685.1953125,1.5043145418167114
236264.171875,0.3468350942435147,1.048188328742981,83498.2265625,0.1225751456479526,1.1423598527908325,1.0192559957504272,1.0486030578613281,1.0599117279052734,1.1879128217697144,1.064800500869751,1.185011863708496,361437.90625,0.5305897601085326,4.116629600524902,0.0697791799902916,0.07616456598043442,0.06674830615520477,0.06907979398965836,0.07075191289186478,0.0793992429971695,0.07173722982406616,0.07954160124063492,0.22972498834133148,0.09202908724546432,0.09131220728158951,strength_1.00,3,681200.3046875,1.5059901475906372
234867.5625,0.3434825997429009,1.0450856685638428,83588.40625,0.1222440544002995,1.1429765224456787,1.0160834789276123,1.046403408050537,1.0566186904907227,1.1897913217544556,1.0619527101516724,1.1868542432785034,365327.03125,0.5342733458567996,4.138718128204346,0.06915143877267838,0.0764409601688385,0.06615416705608368,0.06909919530153275,0.07016753405332565,0.08014801144599915,0.07103455811738968,0.07956920564174652,0.2135927826166153,0.0889272466301918,0.08862311393022537,strength_1.00,4,683783.0,1.5088423490524292
230250.734375,0.3527244345075322,1.034762978553772,82488.53125,0.1263653756305773,1.1354318857192993,1.005793571472168,1.0362024307250977,1.0459257364273071,1.1859062910079956,1.0519611835479736,1.1779335737228394,340038.6875,0.5209101898618905,3.992906093597412,0.013223427347838879,0.020455719903111458,0.011953677050769329,0.015234040096402168,0.014188874512910843,0.02225266583263874,0.013429910875856876,0.022979389876127243,0.0604984275996685,0.02177688106894493,0.022752510383725166,strength_1.00,5,652777.953125,1.4742375612258911
229274.53125,0.3508458959761884,1.032567024230957,82004.671875,0.12548712855875796,1.1320968866348267,1.0035312175750732,1.033753752708435,1.0437904596328735,1.181832194328308,1.049767017364502,1.1745449304580688,342211.5,0.5236669754650536,4.005642890930176,0.01411279384046793,0.024378396570682526,0.0127092394977808,0.01765904389321804,0.015173709951341152,0.028516698628664017,0.014343870803713799,0.025649070739746094,0.0673367828130722,0.024314194917678833,0.02553798072040081,strength_1.00,6,653490.703125,1.4750421047210693
228920.09375,0.3504789759121277,1.0317686796188354,81626.9609375,0.12497170173028661,1.1294866800308228,1.002651333808899,1.0333585739135742,1.0430481433868408,1.1770905256271362,1.048990249633789,1.1721128225326538,342616.5,0.5245493223575857,4.008012771606445,0.015096360817551613,0.024478327482938766,0.013781722635030746,0.021014582365751266,0.016591202467679977,0.028471795842051506,0.01478162594139576,0.023351872339844704,0.06067616492509842,0.02349984459578991,0.024629099294543266,strength_1.00,7,653163.5546875,1.4746729135513306
227741.453125,0.3473743770037159,1.0291091203689575,81337.578125,0.12406432882754508,1.1274827718734741,0.9999187588691711,1.03184175491333,1.040590763092041,1.1754095554351807,1.0461978912353516,1.1693449020385742,346529.0625,0.5285612941687391,4.030832767486572,0.01847829855978489,0.02934730239212513,0.01701134815812111,0.02491978369653225,0.01989530213177204,0.032559119164943695,0.018415581434965134,0.030044974759221077,0.05233266204595566,0.02494821883738041,0.026215313002467155,strength_1.00,8,655608.09375,1.4774298667907715
226758.71875,0.34930811335223816,1.0268863439559937,80893.5546875,0.1246116362184937,1.1244010925292969,0.9979085326194763,1.0300917625427246,1.0382745265960693,1.1718273162841797,1.0438636541366577,1.1655752658843994,341513.0625,0.5260802504292682,4.001553058624268,0.020270032808184624,0.03485088795423508,0.01777978427708149,0.027882054448127747,0.02226668782532215,0.040251825004816055,0.020510884001851082,0.035300642251968384,0.06060829758644104,0.02852644771337509,0.03008453920483589,strength_1.00,9,649165.3359375,1.4701526165008545
224780.546875,0.34627991641210903,1.0223973989486694,80178.28125,0.12351659836807918,1.119418978691101,0.9935060739517212,1.0251152515411377,1.0336713790893555,1.1662777662277222,1.039402961730957,1.1611336469650269,344170.78125,0.5302034852198118,4.017093181610107,0.027226077392697334,0.050272345542907715,0.023042691871523857,0.03966004401445389,0.030285608023405075,0.054808199405670166,0.027849487960338593,0.05481850355863571,0.08867538720369339,0.04034202918410301,0.04287620261311531,strength_1.00,10,649129.609375,1.4701119661331177
221860.046875,0.3458943676051113,1.0157338380813599,79007.59375,0.1231780217352746,1.11121666431427,0.9872549176216125,1.01813805103302,1.026942253112793,1.1570683717727661,1.0324065685272217,1.152820348739624,340542.1875,0.5309276106596141,3.995861291885376,0.03821117803454399,0.06830143183469772,0.031774863600730896,0.054417263716459274,0.043674957007169724,0.07287722080945969,0.03825099393725395,0.07565004378557205,0.10347089916467667,0.05290956050157547,0.056445345282554626,strength_1.00,11,641409.828125,1.4613443613052368
220618.375,0.3447844902195414,1.0128874778747559,78452.2578125,0.12260593305727524,1.1073044538497925,0.9848938584327698,1.0150389671325684,1.0238428115844727,1.1526226997375488,1.029345989227295,1.148706078529358,340802.625,0.5326095767231833,3.9973888397216797,0.04697753116488457,0.07845601439476013,0.04047194495797157,0.06346513330936432,0.05165954306721687,0.07865811139345169,0.048103831708431244,0.09083565324544907,0.10774607211351395,0.0609564408659935,0.06510327756404877,strength_1.00,12,639873.2578125,1.4595927000045776
218215.375,0.3428388886010579,1.0073561668395996,77519.6796875,0.12179142202410119,1.1007033586502075,0.9798833131790161,1.0095411539077759,1.0178157091140747,1.1457847356796265,1.023806095123291,1.1413360834121704,340760.34375,0.535369689374841,3.997140884399414,0.05358817055821419,0.07882259041070938,0.04714527353644371,0.07064343243837357,0.05590144917368889,0.07796798646450043,0.05716141685843468,0.08700288087129593,0.11059296131134033,0.0651773139834404,0.06959068775177002,strength_1.00,13,636495.3984375,1.4557349681854248
216070.75,0.3403959681897984,1.0023937225341797,76614.109375,0.12069719727312575,1.0942553281784058,0.9752795100212097,1.004014253616333,1.0126229524612427,1.1394590139389038,1.0187268257141113,1.1339192390441895,342078.09375,0.5389068345370759,4.004861831665039,0.06670115143060684,0.08215378224849701,0.0613529272377491,0.07876819372177124,0.07001060992479324,0.08325644582509995,0.06842122226953506,0.08433070033788681,0.1211598813533783,0.07526975125074387,0.08031342923641205,strength_1.00,14,634762.953125,1.4537526369094849
214606.203125,0.3382811614877399,0.9989908337593079,76170.671875,0.12006690849550217,1.0910840034484863,0.9720430970191956,1.0000559091567993,1.009076476097107,1.138037085533142,1.0153052806854248,1.129669427871704,343625.0,0.5416519300167579,4.013906955718994,0.10268164426088333,0.1073823869228363,0.10047513991594315,0.10778729617595673,0.10505611449480057,0.10659116506576538,0.1024622917175293,0.1077643632888794,0.13888701796531677,0.1066533550620079,0.11283288896083832,strength_1.00,15,634401.875,1.4533392190933228
